,Haiku,Sexe réel,Sexe prédit,Proba prédite homme,Proba prédite femme
2582,lever du drapeau -\\l'uniforme de vieux vétéran\\pendouille,H,H,0.0,1.0
1194,lune ronde\\à la porte la vieille égrène\\son chapelet,F,H,0.0,1.0
1323,Deux ailes d'oiseau\\ton rouge à lèvres\\sur l'harmonica,H,H,0.0,1.0
1277,blottis tout l’hiver\\les décolletés blancs\\tremblotent enfin,H,F,1.0,0.0
517,neige fraîche . . . \\à côté du nouveau calendrier\\une ardoise propre,F,H,0.0,1.0
3005,en blouson noir\\sous des arbres\\aux fleurs roses,H,F,1.0,0.0
271,croissant de lune --\\elle coupe ses ongles\\dans le jardin,H,H,0.0,1.0
1690,Une soeur et un moine\\lisent ensemble un livre\\en deux langues,F,F,1.0,0.0
2171,odeur de paille sèche -\\les lumières d'une moissonneuse\\au fond de la nuit,H,H,0.0,1.0
1450,Pieds dans le lac ~\\Autour de mes chevilles\\quelques nuages,F,H,0.0,1.0
1208,Décombres-\\dans l'œil vide de la poupée\\les gouttes de la pluie tombent,H,H,0.0,1.0
2744,une longue réunion --\\du marqueur indélébile\\sur le tableau,H,H,0.0,1.0
441,(la bruyère encore en fleur -\\un long chemin pour conduire Maman\\de retour à l'hospice),H,H,0.0,1.0
2618,dimanche sans fin -\\un bonhomme de neige\\dans la cour de l'école,H,H,0.0,1.0
2415,me souvenant de toi\\froid et chaud\\dans la même brise,H,H,0.0,1.0
342,soir de printemps\\le croissant de la lune éclaire\\le reste de la lune,H,H,0.0,1.0
1335,sa peau scintille dans la lueur de la télévision pluie sur la fenêtre,H,H,0.0,1.0
385,Petite pluie fine\\Dans la benne aux encombrants\\des jouets meurtris,H,F,1.0,0.0
215,   Sur la baie\\   la pleine lune d'Août monte\\   comme les jours raccourcissent,F,F,1.0,0.0
2725,dans l'ombre du jardin\\le soleil marque\\le rouge de la crête du coq,H,H,0.0,1.0
2681,Les hurlements du vent et\\les cèdres qui se balancent --\\marins ivres,F,F,1.0,0.0
822,lune pâle -\\les os blanchis au soleil\\d'un moineau,H,H,0.0,1.0
338,mon plan de retraite\\les rides\\dans une flaque de boue,H,H,0.0,1.0
2953,la veranda\\avant la mise en bocaux -\\senteurs de pêches,H,H,0.0,1.0
1762,du cerisier\\brûle dans l'âtre -\\pluie d'automne,H,H,0.0,1.0
683,avec un gros crayon -\\le prix\\des fraises,H,H,0.0,1.0
1529,le lierre a recouvert\\le trou de la toiture\\- train du retour,H,H,0.0,1.0
407,"faucon, sur un poteau de cloture\\première lueur,\\la pluie une sorte de brouillard.",H,H,0.0,1.0
999,(Dans l'obscurité du matin\\tasse de café en main\\regretter le soleil),F,H,0.0,1.0
1381,pensées vagabondes -\\du sang sur le tranchant\\de la cisaille,H,F,1.0,0.0
1192,bal des pompiers\\elle a ressorti sa robe\\d’avant les enfants,H,F,1.0,0.0
1837,coupant en dés\\des quartiers de pomme -\\la lune à la fenêtre,H,H,0.0,1.0
314,zazen —\\cette mouche qui se heurte\\contre la vitre ensoleillée,H,H,0.0,1.0
1054,givre sur le pare-brise --\\je me souviens combien\\j'ai bu la nuit dernière,H,H,0.0,1.0
2434,Retour de colo\\il parle des rouges-gorges\\d'une autre voix,F,F,1.0,0.0
86,lentement\\le scarabée avance\\tempête de juin,H,H,0.0,1.0
2179,café amer –\\des bris de vitrines\\sous mes semelles,H,F,1.0,0.0
823,dimanche 7/1/7\\le couteau à cheval\\sur la fève,H,F,1.0,0.0
50,Ciel nuageux\\le soleil un rouge vif\\première tasse de café,F,H,0.0,1.0
3013,neige couvre le givre--\\jouant une pièce gaie au violon\\mince lumiere sous ta porte,F,H,0.0,1.0
2142,Blanche\\comme un linceul\\la piste noire,F,F,1.0,0.0
2548,un frisson soudain\\dans le passage à l'ombre -\\l'odeur des aubépines,H,H,0.0,1.0
1567,Page blanche\\l'ombre du stylo\\immobile,H,H,0.0,1.0
1466,le brouillard tourne en pluie\\dernier jour de notre chat,H,H,0.0,1.0
2752,   jour de printemps\\   froid et gris\\   une tasse de thé,F,F,1.0,0.0
1148,La lune sur les cèdres\\dans la forêt pluviale\\l'odeur de toi,F,F,1.0,0.0
2532,vieux pommier -\\un bruit de scie emplit\\l'espace vide,H,H,0.0,1.0
1239,Librairie Sauramps\\Des haïkus du bord de mer\\pour passer l'hiver,H,H,0.0,1.0
1738,Ombres d'épitaphes\\les tombes s'allongent\\au soleil couchant,H,F,1.0,0.0
1921,l'orage ce matin\\un demi-cercle parfait\\du rosier en fleurs,F,H,0.0,1.0
3162,automne profond~\\nichée sur mes doigts l'odeur\\de mandarine,F,F,1.0,0.0
1893,   soir de pleine lune\\   - les seins des mannequins\\   dans la vitrine,H,H,0.0,1.0
2747,après la pluie une rue d'hiver pleine de lunes,H,F,1.0,0.0
1023,nuit sans lune --\\tirant le chien\\d'ombre en ombre,H,H,0.0,1.0
1098,ouvrir la fenêtre\\et humer le lilas blanc\\éclos cette nuit,H,F,1.0,0.0
1612,fumeurs agglutinés --\\une autre conversation\\sur le Cloud,H,H,0.0,1.0
2405,Les bas quadrillés\\sur les belles cuisses de cette femme\\- sudoku ?,H,H,0.0,1.0
2634,ville fantôme --\\un coq chante\\sans aucune raison,H,H,0.0,1.0
2858,personne ne voit\\les kakis rouges du\\jardin abandonné,H,H,0.0,1.0
1445,un ciel gris plane\\une petite fissure dans les nuages épais\\les bateaux de pêche rentrent,F,H,0.0,1.0
103,fin de l’été\\le trou de la poche du short\\encore plus grand,F,H,0.0,1.0
2414,reflets de la lune\\sur les canettes de Coca\\- benne à ferraille,H,F,1.0,0.0
1022,poubelle --\\des mouches\\et les ombres des mouches,H,H,0.0,1.0
101,Touillant le café\\avec ma vieille cuillère ~\\un nouveau jour,H,H,0.0,1.0
391,tonnerre lointain --\\une averse de pollen\\tombe des arbres,H,H,0.0,1.0
3158,gazaouï\\on pourrait croire\\le chant d'un oiseau,H,H,0.0,1.0
2482,une île flottante\\à coups de petite cuillère -\\m'échapper du monde,F,F,1.0,0.0
1511,Vagues sur la plage\\bruit des galets roulant\\sous notre étreinte,F,H,0.0,1.0
2001,le lapin et le faucon --\\une affreuse vérité tache\\de rouge la neige fraîche,H,F,1.0,0.0
3295,halo du lampadaire -\\le merle noir plus noir\\que son ombre,H,F,1.0,0.0
1042,au plus fort de l'été\\où les ombres s'arrêtent\\le chien aussi,H,H,0.0,1.0
970,minuit.\\la ruade unique de l'étalon\\contre le mur,F,F,1.0,0.0
164,Des éclats de rires\\tombent par la fenêtre\\- samedi soir,H,H,0.0,1.0
963,arrêt d'autobus\\ils sont deux à guetter\\un nuage,F,F,1.0,0.0
2964,soleil derrière le nuage\\une petite citrouille chaude\\dans ma paume,F,H,0.0,1.0
1402,Saisons des amours ~\\Les escargots ramassés\\deux par deux,F,H,0.0,1.0
2116,A la porte du cimetière\\trois vieux amis\\parlent rhumatismes,H,H,0.0,1.0
608,à Gaza\\la fumée des chars\\dans l'autre sens,H,F,1.0,0.0
1159,ce matin\\du balcon mouillé\\ramasser les restes de cire\\de la bougie-Charlie,H,F,1.0,0.0
1066,Attendons un peu.\\D'un champ à la menthe.\\La nuit viendra.,F,F,1.0,0.0
1436,nuit de novembre -\\sur mes mains l'odeur\\de l'herbe broyée,H,F,1.0,0.0
1677,allongés coeur contre coeur\\à écouter\\le feu d'artifices,H,H,0.0,1.0
2883,Moisson-\\l'épouvantail veille\\sur la théière,H,H,0.0,1.0
1799,fin du jour\\sur la terrasse une tasse\\reste encore un peu,H,H,0.0,1.0
1001,grêlons cinglants -\\&gt;du bassiste\\&gt;les doigts bleuis,H,F,1.0,0.0
1126,"le jour tombe\\du haut du toit au haut de l'arbre,\\l'écho des corbeaux",H,H,0.0,1.0
2150,écroulée la grange\\de mes premiers baisers -\\froid pénétrant,H,H,0.0,1.0
2517,nuit des étoiles -\\dans ses taches de rousseur\\la grande ourse,H,H,0.0,1.0
2800,Voyage.\\À la station-service.\\La pluie s'arrête.,F,H,0.0,1.0
14,vieille tuile ~\\j'emporte le toit\\du cloporte,H,H,0.0,1.0
1200,dans la brume\\le cou d'une oie\\heure d'hiver,F,H,0.0,1.0
3307,un scorpion\\se hâte dans le patio-\\sirocco,F,H,0.0,1.0
1805,"Sous l'orage qui gronde,\\l'éclair des fleurs\\du sureau",H,H,0.0,1.0
3155,matin noir\\et blanc de brouillard\\et ces croix de bois,H,H,0.0,1.0
2574,musique de carrousel ?\\je vois encore mon frère\\sur le poney de bois peint,F,H,0.0,1.0
2436,Maison abandonnée\\de la fenêtre cassée\\la lune sort,H,H,0.0,1.0
3234,Maison des grands-parents\\souvenir d'enfance\\Dans la voix de la pluie,H,H,0.0,1.0
1552,arthrite -\\un autre verre de vin\\de la main gauche,H,H,0.0,1.0
3306,jour pluvieux de février\\nuage après nuage après nuage\\prière pour un jour clair,F,F,1.0,0.0
2554,place handicapés ~\\une voiture couverte\\de feuilles mortes,H,H,0.0,1.0
2602,petit concert de voitures\\le matin\\pour se mettre en route,H,H,0.0,1.0
1212,entracte\\-- le mort du premier acte\\sert les bières,H,H,0.0,1.0
2043,pleine lune --\\les citrouilles dans le champ\\prêtes à être cueillies,F,F,1.0,0.0
505,la neige tombe\\un peu inclinée\\la lune,F,F,1.0,0.0
2509,Rentrée des classes -\\sur le chemin de l'école\\l'étal du boucher,H,H,0.0,1.0
2728,équinoxe\\toutes les couleurs de l'automne\\dans le ciel,F,H,0.0,1.0
1768,orage -\\le goût sucré\\du poivron frit,F,H,0.0,1.0
245,Jour d'action de grâce -\\récoltes généreuses\\achetées à vil prix,H,F,1.0,0.0
2654,passage du désir -\\j'y donnais souvent rendez-vous\\à ma mère,H,H,0.0,1.0
951,foule au souk\\les abricots en cageots\\suffoquent,F,F,1.0,0.0
674,grommelant quelque chose\\le merle sur le poteau de clôture\\Jour de l'élection -,H,F,1.0,0.0
1046,\\dans une nuit froide\\l'écho vide de ta voix,H,H,0.0,1.0
1263,ciel d'hiver -\\elle ajoute un peu de bleu\\sur ses paupières,H,H,0.0,1.0
3279,rentrée scolaire -\\compter par centaines\\de morts,H,H,0.0,1.0
146,"Le vieux frêne brille\\comme un sapin de noël,\\nuit froide d'avril",H,H,0.0,1.0
2515,froid piquant --\\même les lumières de Noël\\semblent grelotter,H,F,1.0,0.0
2053,miroir\\ce visage face à moi\\plus vieux semble-t-il,F,F,1.0,0.0
2879,bouquet de roses~\\sur sa robe blanche\\quelques gouttes de vin,F,H,0.0,1.0
59,sur tous les objets\\qu'il a regardés ici\\beaucoup de poussière,F,H,0.0,1.0
816,pluie battante\\deux talons aiguilles\\battent le pavé,H,H,0.0,1.0
2652,pleine lune d`octobre\\sur les rails --\\le vent chaud,F,F,1.0,0.0
1540,détacher\\le bouton de dessus de sa blouse\\avec mes yeux,H,H,0.0,1.0
2329,soir d'hiver\\dans la foule un inconnu\\que je connais,F,H,0.0,1.0
2073,"Boulevard Barbès\\femme en sari bleu nuit,\\début d'averse.",H,H,0.0,1.0
2009,signature anonyme\\vieilles empreintes de pigeon\\dans le ciment nu,H,H,0.0,1.0
2489,tas de repassage - \\dans la jupe de l'été \\trois pignons de pins,F,F,1.0,0.0
423,l’alcool joyeux \\du jour précédant \\la pleine lune,H,H,0.0,1.0
224,Parfum de jasmin\\derrière les cyprès la moitié de la lune,H,H,0.0,1.0
2581,le travail terminé\\mon ombre atteint\\les lauriers ensoleillés,H,H,0.0,1.0
2186,Retour à la maison\\son odeur traine\\sont son kimono,F,H,0.0,1.0
535,sur la corde à linge\\les oiseaux en haut\\les épingles en bas,H,H,0.0,1.0
200,mauvaise nouvelle --\\j'ouvre les fenêtres\\pour laisser le froid sortir,H,H,0.0,1.0
1883,endormie dans le train\\la douce montée et descente\\de sa poitrine,H,F,1.0,0.0
625,équinoxe d'automne -\\cherchant un mot pour dire\\le rouge du jasmin,H,H,0.0,1.0
2635,premier thé -\\la nuit transfigurée\\de Schoenberg,H,H,0.0,1.0
477,jour bissextile --\\assis sur ma malette\\pour la fermer,F,H,0.0,1.0
651,fin d'année\\il y a un corbillard\\sur la bande de droite,H,H,0.0,1.0
2627,Soleil couchant\\Ils se lèvent de table\\Pour regarder,H,F,1.0,0.0
949,la guerre -\\des pères\\enterrent des fils,H,F,1.0,0.0
304,des nouvelles de sa rechute --\\si lente\\tombe la pluie,H,H,0.0,1.0
1591,une truite saute\\une plume tombe\\... jour d'émerveillements!,H,H,0.0,1.0
2916,compote de pommes\\bouillonne sur la cuisinière\\matin de novembre,F,H,0.0,1.0
1011,matin silencieux -\\quelques gouttes de lait\\dans mon café noir,H,H,0.0,1.0
2803,promenade du soir -\\le bruit\\d'escargots écrasés,H,H,0.0,1.0
2196,sirènes de police --\\une autre nuit\\sans lune,H,H,0.0,1.0
2780,Temple couvert de neige --\\une femme seule en manteau rouge\\s'agenouille quand même pour prier,F,H,0.0,1.0
2690,premières pousses --\\elle a des herbes jusqu'au capot\\la vieille auto,H,F,1.0,0.0
696,transplantant le jasmin\\une famille de cloportes\\expropriée,H,H,0.0,1.0
8,ciel gris\\trois nouvelles étoiles\\sur le jasmin,F,F,1.0,0.0
1137,lune froide~\\à petit feu\\l'assida blanche*,F,H,0.0,1.0
178,ciel étoilé -\\tout un champ d'éoliennes\\à l'arrêt,H,F,1.0,0.0
1627,verveine orange -\\une première étoile\\puis une deuxième,H,H,0.0,1.0
3166,Arrivée du train-\\les vêtements flottent\\Sur la corde à linge,H,H,0.0,1.0
911,après la pluie\\une flaque remplie\\d'étoiles,H,H,0.0,1.0
1602,Insomnie :\\l'odeur du pain\\qui cuit,H,H,0.0,1.0
323,retour en banlieue -\\sous le lit de feue ma mère\\tout un stock de morphine,H,F,1.0,0.0
1811,promenade d'été\\gouttes de pluie\\vapeur,F,H,0.0,1.0
2899,- rendez-vous -\\la peau du coin de l'ongle\\rongée jusqu'au sang,F,H,0.0,1.0
3204,coup de froid --\\le chien du ferrailleur\\et sa lourde chaïne,H,H,0.0,1.0
1646,mur du cimetière\\la vigne vierge déborde\\rouge en octobre,H,H,0.0,1.0
1773,nouvelle année -\\un autre calendrier\\au même clou,H,F,1.0,0.0
873,averse de juillet~\\quelques gouttes d'eau de fleurs d'oranger\\dans mon café,F,H,0.0,1.0
1656,nouvelle construction --\\on jette à bas\\mon enfance,H,H,0.0,1.0
151,torrent à truites -\\les éphémères dansent\\puis disparaissent,H,H,0.0,1.0
2057,occupying Wall Street\\les fantômes\\de mes rêves de retraite,H,H,0.0,1.0
3143,automne ce matin -\\l'oiseau sur son épaule gauche\\recouvert,H,F,1.0,0.0
1187,ah ce jour d'été\\où me prit soudain une envie\\de loukoum !,F,H,0.0,1.0
2556,lune gibbeuse --\\le bébé remue\\dans son ventre,F,H,0.0,1.0
3175,oiseau de nuit -\\la pupille dilatée\\de la barmaid,H,F,1.0,0.0
1653,abandonné par les oies\\partant vers le sud -\\mon anniversaire d'automne,H,F,1.0,0.0
2561,Orange sanguine\\à mon petit déjeuner\\le soleil se lève,F,F,1.0,0.0
1485,décolletés précoces :\\fruits déjà mûrs\\d'avril,H,H,0.0,1.0
2137,Gold Beach\\un tag délavé\\sur le blockhaus,H,F,1.0,0.0
788,la brume d'automne cache\\l'île à l'horizon\\elle nettoie ses lunettes,F,H,0.0,1.0
1772,la voiture de police ralentit -\\des renards de banlieue\\pillant les poubelles,H,H,0.0,1.0
1798,dénouer \\les cordes d'hamac;\\l'odeur des feuilles brûlées,H,H,0.0,1.0
2002,dans le rétroviseur\\le regard d'amour de la mère\\pour sa fille qui récite,H,H,0.0,1.0
2306,lit défait\\un sourire sur le bord\\de la flûte vide,F,H,0.0,1.0
2188,légères vibrations\\de la balance sous mes pieds-\\bientôt l'équinoxe,F,F,1.0,0.0
1338,paysage d'hiver\\petits poils au-dessus de sa lèvre\\un magazine de mode,F,H,0.0,1.0
1990,terrorisme local --\\des phalènes brumeuses\\sur la porte,H,F,1.0,0.0
2494,cour de récré abandonnée --\\le graffiti\\s'estompe,H,H,0.0,1.0
2427,averse au jardin\\elle a fait naufrage\\la tarte aux pommes,F,H,0.0,1.0
868,le crissement\\de la première feuille\\un doux soupir,F,F,1.0,0.0
899,"ajoutant\\des nuages aux nuages, \\l'incinérateur",H,F,1.0,0.0
1372,gardien de nuit\\faisant ses rondes -\\pleine lune,H,H,0.0,1.0
557,rencart d'après-midi ...\\le tonnerre claque au-dessus de nos têtes\\dans la chaleur collante,F,H,0.0,1.0
1770,"physalis séchés - le couteau noir, posé pour peler l'orange",H,F,1.0,0.0
2170,train bondé --\\l'éclat rouge vif\\de son rouge à lèvres,H,H,0.0,1.0
429,La limace\\et la crotte du chien\\nez à nez,F,H,0.0,1.0
465,"180 morts, 8 attentats\\à Karachi aujourd'hui\\Zidane s'explique à la télé",H,H,0.0,1.0
2781,dans les ruines\\de la maison des dunes\\les orchidées sauvages fleurissent,H,F,1.0,0.0
75,Matin de printemps~\\dans les odeurs de lisier\\vol d'un papillon,F,F,1.0,0.0
3082,nouvelle vague -\\tonnerre de gros galets\\suivis d'écume,F,H,0.0,1.0
933,lune du loup --\\soudain je la vois\\sous un air différent,H,H,0.0,1.0
1480,amitié estivale\\expliquer le Haïku -\\comme l'an dernier,H,H,0.0,1.0
232,bleu profond de la nuit \\la résine et le sel des pins\\si loin de la mer,F,H,0.0,1.0
2819,Salle des I.R.M\\la porte et tous ses symboles\\déjà redoutable,H,H,0.0,1.0
3076,vie sauvage -\\une bestiole passe\\devant la TV,H,H,0.0,1.0
1281,au fond de la malle\\son vieux pinceau à poudrer\\— matin de givre,F,H,0.0,1.0
2321,tard dans la nuit\\avec Ryokan -\\je réchauffe le vin de riz,H,F,1.0,0.0
834,petit déjeuner\\les branches déployées\\du cerisier,F,F,1.0,0.0
808,"Cinq années de haïku\\dans une grande boite de carton\\dessus, le chat",F,F,1.0,0.0
3079,barbe de huit jours -\\le froid de ce soir d'automne\\un peu plus piquant,H,H,0.0,1.0
3281,soir d'anniversaire -\\un bracelet rouge\\offert à ma montre,H,H,0.0,1.0
518,veillant sur\\la pelouse de banlieue\\un Bouddha souriant,H,H,0.0,1.0
55,lendemain de mescal --\\les cloches de l'église\\désynchronisées,H,H,0.0,1.0
1697,une autre poussière\\le lendemain de la pluie\\traces des gouttes,F,F,1.0,0.0
2141,soleil du matin\\les miettes sur la table\\ont une ombre,H,H,0.0,1.0
2526,les deux moitiés\\d'un orvet,H,F,1.0,0.0
1523,chaque soir\\au bout de la route\\l'usine Seveso,H,H,0.0,1.0
1061,volets disjoints -\\juste assez de jour\\pour un haïku,H,H,0.0,1.0
3290,lune voilée~\\si brillants les yeux\\du chat mort,F,H,0.0,1.0
1354,je vide la bouteille de vin -\\une autre conversation\\à propos de Maman,H,H,0.0,1.0
1315,photo d'archive\\les sourires des patineurs\\figés dans le temps,H,F,1.0,0.0
1853,au bout du champ\\deux moineaux sur son chapeau\\- l'épouvantail,H,F,1.0,0.0
2,La cour de la prison\\dans la flaque de la pluie\\la lune,H,H,0.0,1.0
2280,Etang de Walden --\\toutes les places de parking\\occupées,H,F,1.0,0.0
2745,chaleur moite -\\au loin l'épaisse musique\\d'une fête foraine,H,H,0.0,1.0
978,temête dans une théière --\\ma mère\\me sert un déca,H,H,0.0,1.0
1785,appel à l'aube\\bruissement soyeux\\du tapis de prière,F,H,0.0,1.0
1650,se joignant en silence\\à la conversation . . . \\les étoiles sur la prairie,F,H,0.0,1.0
2849,l'houhou de la chouette\\sans réponse\\cette nuit d'automne,F,F,1.0,0.0
2570,sur la terrasse\\mon café miroitant\\sucrer le ciel,H,H,0.0,1.0
632,Le jour s'éteint\\Au coeur du vieux temple\\Le bouddha veille,F,H,0.0,1.0
282,heure de pointe -\\dans les odeurs de déo\\je m' invente un printemps,H,H,0.0,1.0
875,nuit d'équinoxe -\\la couverture un peu plus haut\\sur ses jambes,H,H,0.0,1.0
1547,lumières de Noël\\la silhouette des arbres\\dans le noir,H,H,0.0,1.0
100,epiphanie -\\cloué sur sa croix\\un sapin nu,H,H,0.0,1.0
1132,lune croissante~\\la voisine de nouveau\\enceinte,F,F,1.0,0.0
426,quartier de l'aéroport\\sous les traînées qui s'estompent\\le vol du héron,F,H,0.0,1.0
3125,vent glacial -\\des feuilles mortes se pressent\\sur la pierre du seuil,H,H,0.0,1.0
3031,nuit sans étoiles --\\je finis le vin\\trop vite,H,F,1.0,0.0
720,Mandarines\\disposées en pyramides\\chez l'Egyptien,H,F,1.0,0.0
883,dimanche d'hiver -\\tous mes cheveux\\jetés aux flammes,H,F,1.0,0.0
237,Pleine lune d'hiver -\\un instant mon ombre et moi\\entre les nuages,H,H,0.0,1.0
874,les bourgeons gris\\de la glycine - aujourd'hui\\il aurait seize ans,F,H,0.0,1.0
36,une  alarme\\au loin dans la nuit -\\ses pieds glacés,H,H,0.0,1.0
3100,Premier ciel dégagé -\\entre Orion et sa chienne\\un avion gronde.,H,H,0.0,1.0
2927,brume estivale - \\la ville en ombres chinoises \\du noir au gris,H,F,1.0,0.0
3208,matin d'élection -\\les trois coqs du village\\s'égosillent,H,H,0.0,1.0
3149,tout le jour\\les rugissements d'agonie\\alors que le vieux chêne meurt,H,H,0.0,1.0
569,nouvelle lune --\\une voiture abandonnée\\sur l'allée des amoureux,H,H,0.0,1.0
1516,décès de ma grand-tante -\\un papillon blanc\\traverse le jardin,H,H,0.0,1.0
670,travaux de couture –\\par le chas de l’aiguille\\s’immisce l’automne,H,F,1.0,0.0
117,pleine lune de mars\\tout ça de nouvelles tombes?\\couvertes de fleurs,F,F,1.0,0.0
1735,marée montante ~\\sur le quai des marginaux\\descendant du rhum,H,H,0.0,1.0
1727,abimé par endroits\\jusqu'au bois –\\le bouddha doré,H,H,0.0,1.0
2909,bientôt minuit\\le Père Noël en plastique\\se dégonfle,F,F,1.0,0.0
1331,ablutions matinales -\\le canal en gouttes rondes\\sur le dos d'un canard,H,H,0.0,1.0
2552,par le trou du bagel\\il me montre\\la pleine lune,H,H,0.0,1.0
326,temps cru dehors\\un thé menthe entre les mains\\je médite en silence,H,H,0.0,1.0
950,mi-nuit\\le bruit d'un volet qu'on déroule\\quelque part,F,H,0.0,1.0
1373,dimanche d'automne\\écobuages\\et coups de feu,H,F,1.0,0.0
316,Arbres dénudés\\Plus qu'une touffe de gui\\pour leur tenir chaud,F,H,0.0,1.0
3035,Ta chemise blanche\\soleil suspendu\\dans mon armoire,H,H,0.0,1.0
246,(vente de vieilleries --\\son mari dans la chaise\\qui ne vaut pas la peine de garder),F,H,0.0,1.0
1689,Matin brumeux.\\Sans cesse elle croise ses doigts\\-- marque d'une bague.,H,H,0.0,1.0
315,migrants...\\sans arrêt sans arrêt tombent\\les fleurs de pruniers,H,F,1.0,0.0
926,la lune est noire\\j'entends à des milliers de kilomètres\\un gémissement,H,F,1.0,0.0
2082,Sur l'oreiller\\son bouquet de fleurs sauvages\\ce dernier jour de printemps,F,H,0.0,1.0
641,matin froid\\les souvenirs d'un amour\\flottent dans mon esprit,F,H,0.0,1.0
2841,nuit sans lune -\\la cloche de la bouée\\se parle à elle-même,F,H,0.0,1.0
2648,écran des horaires\\l'araignée a tissé sa toile\\entre deux trams --,H,H,0.0,1.0
456,mille et une nuits\\encore un conte pour l’enfant\\à l’hôpital,F,F,1.0,0.0
1457,arrivé au bout de la tige\\le liseron se dresse\\vers le ciel,H,H,0.0,1.0
131,lune gibbeuse-\\par une voix de femme\\envouté,H,H,0.0,1.0
149,pluie continue\\pour rappeler le soleil \\un rhum arrangé,H,H,0.0,1.0
3217,toute la nuit\\elles arpentent les trottoirs\\les feuilles mortes,H,H,0.0,1.0
3177,bottes en caoutchouc\\ah les années\\de boue,H,F,1.0,0.0
295,le vieux du mas\\est parti - des rejets\\au pied des oliviers,H,H,0.0,1.0
1278,chaleur moite-\\dans le potager l'éclat\\d'une luciole,H,F,1.0,0.0
73,lueur du réveil\\à la fenêtre\\la pleine lune,H,H,0.0,1.0
922,le vent du métro\\arrive à soulever une page -\\haïkaï,H,H,0.0,1.0
176,tiroir du bureau -\\l'été dernier\\en carte mémoire,H,H,0.0,1.0
1507,chez l'antiquaire --\\au fond de l'armoire vide\\les rais du soleil,F,F,1.0,0.0
531,arrêt de bus vide --\\les feuilles d'automne tourbillonnent\\dans le sillage de l'auto,F,H,0.0,1.0
1330,haïku\\des ricochets dans l'eau\\d'un lac,F,H,0.0,1.0
2356,ma tension monte -\\une trainée de condensation\\dans le ciel,H,H,0.0,1.0
87,suprématie blanche -\\le brouillard et la nuit\\se répandent,H,F,1.0,0.0
2508,météo matinale -\\entre les lames du store\\un tiret de ciel gris,H,H,0.0,1.0
1623,grand magasin\\du matin au soir -\\dans son caddy sa maison,F,F,1.0,0.0
1584,En ce jour sombre et gris\\mes pensées vagabondent vers une paire\\d'iris bleus,F,F,1.0,0.0
2839,"Maison d'enfance,\\reste le puits à manivelle.",H,H,0.0,1.0
538,Ciels brumeux\\les cèdres moins sombres\\ce jour d'été,F,F,1.0,0.0
403,"le prunus, tout rose     face à l'échoppe du fleuriste    fermée le lundi!",H,F,1.0,0.0
1713,nuit américaine\\... les techniciens\\se bousculent,H,F,1.0,0.0
1088,ma maison d’enfance\\par un carreau entrevoir\\l’obscurité,H,H,0.0,1.0
19,Grande surface -\\on m'apprend qu'il s'est poignardé\\en pleine garrigue,H,H,0.0,1.0
1251,heure d'hiver -\\le feuillage du prunus\\change de couleur,H,H,0.0,1.0
2933,la pelle mécanique\\dans le pré\\efface le ciel,H,H,0.0,1.0
2407,manif sociale\\des chants de grues migratrices\\survolent le bouchon,H,H,0.0,1.0
2546,restes de vin aigre\\dans le fond des verres\\brume matinale,H,H,0.0,1.0
654,nuée en approche\\sur mon café du midi\\pas une ride,H,H,0.0,1.0
1521,papillon de nuit -\\le choix entre deux mêmes\\lampes japonaises,H,H,0.0,1.0
2387,elle regarde ses\\photos d'enfance\\mon amie plus vieille que moi,H,H,0.0,1.0
2336,Fin de la tempête~\\de très loin\\l'aboiement d'un chien,H,H,0.0,1.0
198,Avant de se quitter\\disperser les braises -\\envol des lucioles,H,F,1.0,0.0
1453,(mince volute de nuage\\la lente spirale de creme\\dans mon expresso),H,H,0.0,1.0
1493,Au-dessus de la maison\\Le même nuage que l'an passé\\Presque,H,H,0.0,1.0
239,A chaque halte\\chacun son arbuste -\\buissons de fleurs jaunes,F,F,1.0,0.0
148,Epiphanie --\\les Rois Mages à l'étoile\\massacrent les enfants,H,F,1.0,0.0
2441,   bruits de guerre --\\   je retire les décorations\\   de l'arbre de Noël,H,H,0.0,1.0
3213,froid de l'automne . . .\\au loin le coup de sifflet\\du train du soir,F,H,0.0,1.0
1108,Pleins d'épingles\\journaux de guerre\\dans le magasin de mon voisin,H,H,0.0,1.0
292,foyer pour femmes battues -\\sur son corps\\cinquante nuances de bleu,H,H,0.0,1.0
982,(coucher de soleil de Pâques\\une croix teintée de rouge\\de trainées d'avion),H,H,0.0,1.0
1578,sur le tarmac gris\\sous la pluie du retour\\le bus jaune,H,H,0.0,1.0
2101,tremblement de terre de cette nuit --\\les arbres sans feuilles\\au soleil,H,H,0.0,1.0
2097,fête des pères --\\un est assis sur le trottoir\\la pluie remplit sa tasse,H,F,1.0,0.0
2549,pousses d'épeautre-\\des vieilles maisons abandonnées\\au long de l'autoroute,H,H,0.0,1.0
147,terminal vide --\\les titres de l'actualité\\pour des fantômes,H,F,1.0,0.0
2643,averse de neige -\\les mannequins de la vitrine\\en robes d'été,H,H,0.0,1.0
2103,nous buvons un thé sucré\\en silence . . .\\une mère de soldat,F,F,1.0,0.0
2748,Froidement\\Il brûle la canne de son père\\pour se réchauffer,F,H,0.0,1.0
258,Un peu de son temps\\Avec moi\\Le piéride,H,H,0.0,1.0
1413,printemps en ville\\retour des hirondelles\\et des jeunes roumaines,H,H,0.0,1.0
1969,chutes de neige\\le sachet de thé s'enfonce\\lentement dans l'eau,H,H,0.0,1.0
607,Dans la soupe aux algues\\elle nage encore\\la crevette,H,F,1.0,0.0
2477,Lundi de Pâques-\\absent depuis plusieurs jours\\le chat est de retour,H,F,1.0,0.0
461,maison de campagne\\insectes et animaux\\admis,H,F,1.0,0.0
796,encore l'odeur de cordite\\des restes feux d'artifices\\nid de serpents,H,H,0.0,1.0
2017,crépuscule d'été --\\les instructions\\pour mes cendres,H,F,1.0,0.0
1079,pluie d'été --\\le sourire las\\du nain de jardin,H,H,0.0,1.0
1156,Prêt pour l'hiver\\l'épouvantail\\en bottes de pluie,H,F,1.0,0.0
247,Veillée du nouvel-an --\\les bulles montent une fois de plus\\dans les vieilles flûtes de cristal,F,H,0.0,1.0
1585,pluies de mars\\la machine à laver\\sur cycle long,H,F,1.0,0.0
2432,"Oh, une pluie froide\\emplit à nouveau la rivière\\de ses cercles",H,H,0.0,1.0
3297,Ouverture de chasse –\\La pesanteur du brouillard\\sur mes épaules,F,F,1.0,0.0
3059,neige attendue –\\sur les draps repassés\\un parfum de lavande,H,H,0.0,1.0
1027,bac à vaisselle  -\\une Afrique dérive\\au-dessus des plats,H,H,0.0,1.0
3142,(l'anniversaire de mon fils\\ne pas partager le gateau\\chasser la mouette),F,H,0.0,1.0
3126,bourrasques glacées --\\le fossoyeur creuse une tombe\\au marteau-piqueur,F,H,0.0,1.0
2830,débat télévisé -\\ses seins affalés\\dans le corsage,H,F,1.0,0.0
2194,le cimetière\\notre raccourci glacé\\à travers le brouillard hivernal,H,H,0.0,1.0
3309,thé du soir\\la vitre de la cuisine\\voilée de vapeur,H,H,0.0,1.0
478,poussière grise\\sur la cheminée de marbre -\\et ta photo,H,F,1.0,0.0
2782,Coquilles d'escargots\\vides -\\premières pousses,H,H,0.0,1.0
2860,Du brouillard.\\Le minaret de la grande mosquée.\\Dans le vide.,F,H,0.0,1.0
556,La fourmi\\parle à une autre\\sur le câble du téléphone,H,H,0.0,1.0
985,salle de classe -\\l'âne de la crèche\\regarde par la fenêtre,H,H,0.0,1.0
143,une goutte sur la vitre ...\\ma langue tout à l heure\\sur sa peau,H,H,0.0,1.0
680,fin d'été -\\collecte des monnaies votives de cuivre\\au fond du puits,H,H,0.0,1.0
1211,dernier jour de l'an\\-- traces de luges rouillées\\dans la neige d'hier,F,H,0.0,1.0
1633,marché aux puces\\une culotte de femme\\d'avant la libération,H,H,0.0,1.0
503,feuillages d'automne -\\les yeux rivés sur l'écran\\de son portable,H,H,0.0,1.0
345,ciel menaçant --\\le bourdonnement\\d'une ligne électrique,H,H,0.0,1.0
2945,Au deuxième jour -\\les résolutions d'hier\\avec l'eau du bain,F,H,0.0,1.0
3289,Chaud réveillon\\Seins au balcon\\Place aux frissons,H,H,0.0,1.0
2319,brûlant une à une\\de vieilles lettres d'amour -\\un peu de fumée grise,H,H,0.0,1.0
2490,bruit de tondeuse -\\des violettes sauvages\\tapies sous la haie,H,F,1.0,0.0
1178,Lune parfaitement ronde\\Buée sur la vitre,H,H,0.0,1.0
1961,banlieue rouge -\\le champ lexical\\en jachère,H,F,1.0,0.0
1242,midi ensoleillé\\l'espace entre nous\\se remplit de chaleur,F,H,0.0,1.0
1920,assis par terre \\son épaule dénudée \\sans bras,H,H,0.0,1.0
1084,lendemain d'orage -\\sur les draps mis à sécher\\un papillon blanc,H,F,1.0,0.0
1229,ciel de neige -\\acheter une carotte\\pour le bonhomme,H,F,1.0,0.0
638,la rue se calme - \\se lève des arbres \\le bruit du vent,H,F,1.0,0.0
134,salle d'attente du cardio~\\la guerre\\à portée de main,F,H,0.0,1.0
2713,notes de révision\\je brosse le sable\\entre les trous,H,H,0.0,1.0
218,luttant sur\\la boue du site de construction\\les jonquilles,H,H,0.0,1.0
1062,matin radieux d'automne~\\un soupçon de je ne sais quoi\\dans le café,F,F,1.0,0.0
2527,matin blanc\\loin là-bas des hôpitaux\\bombardés,F,F,1.0,0.0
2187,ballon de baudruche...\\lentement la fête\\s'éloigne,F,H,0.0,1.0
1221,A minuit\\la corne de brume dans le brouillard\\roses jaunes,F,F,1.0,0.0
1881,ablation du sein\\entre la vie et la mort\\le tatouage du papillon,H,H,0.0,1.0
1601,Maison de la famille \\le goût du bonheur reste encore \\dans le vieux cerisier,H,H,0.0,1.0
994,nuit sans sommeil -\\la pleine lune esr arrivée\\à l'autre fenêtre,H,H,0.0,1.0
201,blanches\\les pages de mes carnets\\je n'aime pas l'hiver,H,H,0.0,1.0
1699,à son chant répond\\les harpons du vieux Japon\\baleine au printemps,H,H,0.0,1.0
1930,journée mondiale du sida -\\je réinstalle\\mon antivirus,H,H,0.0,1.0
2959,au coeur de la nuit\\le ronron des ventilations\\entre deux sirènes hurlantes,H,H,0.0,1.0
302,parking souterrain\\la panique du petit \\papillon blanc,F,F,1.0,0.0
3225,"dans les hautes branches\\traînent,\\des restants du jour",H,F,1.0,0.0
1731,"Dans le champ de blé,\\deux grandes dalles blanches\\tournées vers l'Orient",H,H,0.0,1.0
3073,fin de roman -\\un reste de café froid\\au fond de ma tasse,H,H,0.0,1.0
2273,nuit d'automne -\\le murmure effervescent\\de l'aspirine,H,H,0.0,1.0
1375,Éclair -\\ton visage\\dans l'obscurité,H,H,0.0,1.0
289,Sieste des enfants\\Sur la table de la cuisine\\deux mouches forniquent,H,H,0.0,1.0
1056,deux bottes de blettes\\dans le tchich* ~\\jour pluvieux,F,F,1.0,0.0
1321,Après le Solstice\\déjà sentir le toucher\\de l'hiver,F,H,0.0,1.0
2253,dégel -\\sur le polder les canards\\remplacent les patineurs,H,H,0.0,1.0
3033,(cohue dans la gare --\\le tap tap\\de la canne d'un aveugle),H,H,0.0,1.0
154,mercredi des Cendres -\\la touffe de jonquilles\\s'apprête à fleurir,H,H,0.0,1.0
1829,marché de Noël -\\une étoile dans la flaque\\de neige noire,H,H,0.0,1.0
2986,Vatican illuminé\\Place vide entre barrières et policiers\\Lumière artificielle,H,H,0.0,1.0
1652,12 novembre -\\le devoir de mémoire\\dansle brouillard,F,F,1.0,0.0
1544,journée de pluie;\\je mets de l'ordre dans\\mes aquarelles,H,H,0.0,1.0
2630,ciels gris  les dernières roses roses de notre voisin par-dessus la clôture,H,H,0.0,1.0
102,aube méditation le frigo et moi fredonnons,H,H,0.0,1.0
1287,fin de journée -\\la voix éraillée\\du distributeur bancaire,H,H,0.0,1.0
1957,porte entrouverte -\\les guirlandes s'illuminent\\une seconde,F,H,0.0,1.0
487,jour froid\\l'odeur de praline emplit\\le souk,F,F,1.0,0.0
1546,café bondé --\\le barrista se trompe\\dans mon nom,H,H,0.0,1.0
1306,pluie de décembre --\\un appel téléphonique\\de mon fils,H,H,0.0,1.0
434,Cinquante-neuf ans ~\\le noir profond de la lune\\à peine entamé,H,F,1.0,0.0
946, chemin de l'école\\deux vaches portent avec leurs cornes\\le soleil,F,H,0.0,1.0
2372,pluie de fin d'été~\\tous ces vieux objets\\dans la cave,F,H,0.0,1.0
498,lune gibbeuse --\\tout ce qui reste\\de l'été,H,F,1.0,0.0
3141,vendredi noir -\\la lente dégringolade\\d'une feuille morte,H,F,1.0,0.0
1530,musée de l'armée --\\les casques allemands\\sont attachés,H,H,0.0,1.0
567,sous l'arbre vert\\ramassant des figues sèches~\\jour d'équinoxe,F,F,1.0,0.0
3056,à mesure\\que la pénombre descend\\l'orange de l'azalée,H,H,0.0,1.0
2908,dehors la tempête\\dans les tasses le café\\redouble d’arôme,F,H,0.0,1.0
1980,[premier décembre ---\\les bandes délimitantes de la police se cramponnent\\à la grange brûlée],H,H,0.0,1.0
336,les bourses s'effondrent -\\premières feuilles mortes\\dans la rue,H,H,0.0,1.0
2048,au pied de la banque -\\des pissenlits\\en fleurs,H,H,0.0,1.0
1868,Grosse ronde lune\\Au-dessus du champ de blé\\Cigales et criquets.,F,H,0.0,1.0
3210,Vendredi Saint --\\les graines de pissenlit\\dans le vent,H,H,0.0,1.0
113,pleine lune sans nuages\\cinq doigts tambourinent\\sur-une-chute-de-reins,F,H,0.0,1.0
2593,pluie froide d'avril --\\le sédiment\\au fond\\d'un verre de vin,H,H,0.0,1.0
1691,milieu de nuit\\le biseau de l'aiguille\\trouve la veine,H,H,0.0,1.0
3006,demi-lune d'Août\\le dernier quartier de melon\\déchaîne les mouchettes,F,H,0.0,1.0
2151,heure de pointe du matin\\sur le bord de la route\\des pruniers sauvages,H,H,0.0,1.0
1537,gouttes bruyantes\\pas feutrés dans l'escalier\\l'imprimante ronronne,H,H,0.0,1.0
2087,mes doigts sur les touches du clavier - la pluie aux carreaux,H,H,0.0,1.0
3318,A l'hopital\\regarder les nuages passer\\une aiguille acérée dans la main,F,F,1.0,0.0
1391,devant la banque\\des grilles et des CRS -\\le printemps revient,H,H,0.0,1.0
1425,marée basse -\\l'odeur d'une gaufre\\au bord de l'eau,H,F,1.0,0.0
2470,   Federal Express\\   m'a trouvée dans le brouillard\\   collier de plumeria,F,F,1.0,0.0
1912,année bissextile -\\la canne du vieil homme\\laisse aussi ses traces,H,H,0.0,1.0
996,Cerises en mars\\L'été toute l'année\\Au supermarché,H,H,0.0,1.0
122,nuages chair de poisson\\sur le pare-brise de l'ambulance,F,H,0.0,1.0
106,lever de soleil sur la ville\\ces vieux immeubles\\ont de longues ombres,H,H,0.0,1.0
2077,aurore boréale\\la vapeur monte\\de la tasse de café,H,H,0.0,1.0
2014,Perseïdes . . . \\quelque part une vache\\appelle après son veau,F,F,1.0,0.0
2535,le chauffeur de taxi\\me raconte sa vie --\\pluie d'automne,H,F,1.0,0.0
2656,siège social\\sur les vitres étincelantes\\un oiseau se fracasse.,H,F,1.0,0.0
1004,"Comme les chauves-souris\\à l'envers,\\les chaises du café dorment",F,H,0.0,1.0
1519,Nuit d'hiver~\\entre deux pinces à linge\\les étoiles,F,H,0.0,1.0
618,pluie d'été\\un autre moi rentre à la maison\\sous moi,H,H,0.0,1.0
932,entre deux\\immeubles décrépits—\\un peuplier dans la lumière de fin du jour,H,H,0.0,1.0
647,cieux clairs --\\une corneille solitaire\\sur un fil à haute tension,H,H,0.0,1.0
2547,ces chants d'oiseaux\\après les déflagrations -\\vivre debout,H,H,0.0,1.0
2486,carnet de haïkus -\\un moucheron s'est posé\\entre bleu et ciel,H,H,0.0,1.0
2723,nuages d'hiver ---\\mes cheveux gris\\plus gris,H,H,0.0,1.0
3087,dans l'espace\\d'un om . . . \\d'innombrables gouttes de pluie,H,F,1.0,0.0
300,lune des longues nuits -\\de l'horloge de la gare\\les aiguilles lentes,H,H,0.0,1.0
350,loupe de l'arbre\\l'été révèle\\mes vieilles cicatrices,H,H,0.0,1.0
1471,"Parvis d'église,\\l'œil mort du mendiant\\couleur de lune",H,H,0.0,1.0
2704,Robinet gelé !\\Une chaussette égarée\\En guise de moufle,H,H,0.0,1.0
58,tableau de bord ~\\au dessus du gilet jaune\\un piège à rêves,H,H,0.0,1.0
545,fraîche matinée\\la boule du châtaignier\\bien fermée,F,F,1.0,0.0
1205,au milieu du champ\\une baignoire en fonte\\pleine de ciel,H,H,0.0,1.0
1672,sur le trottoir\\les feuilles s'agitent\\bientôt la pleine lune,H,F,1.0,0.0
2271,claquement\\des capsules de l'euphorbe -\\l'après-midi lente,H,H,0.0,1.0
2600,Déshabillée\\elle parfume mes poignets\\la mandarine,F,H,0.0,1.0
3136,jour de rentrée~\\le silence tombe \\sur le mûrier,F,H,0.0,1.0
1676,ici un prunus\\et là un forsythia -\\jour des Rameaux,H,H,0.0,1.0
2327,le trou de la sécu-\\le chemisier rose pale\\de la pharmacienne,H,H,0.0,1.0
880,au gré du vent\\sur son matelas pneumatique –\\monde flottant,H,F,1.0,0.0
2837,changement climatique____________\\quelques soutiens gorges léopards______ font leur apparition,H,F,1.0,0.0
380,choisir sa monture\\hypnotisé par les miches\\de l'opticienne,H,H,0.0,1.0
2891,bruine d'automne\\acidulée et fraiche\\la pomme verte,F,H,0.0,1.0
1851,Une semaine plus tard\\moins de roses dans\\un vase plus mince,H,H,0.0,1.0
3314,dans mon miroir\\le visage de ma grand-mère\\déjà,F,H,0.0,1.0
1550,Le village abandonné\\de la poignée de la porte\\des gouttes de pluie tombent,H,H,0.0,1.0
89,Retour des oies\\des dizaines de lettres\\dans ma boîte,H,H,0.0,1.0
508,dernier jour de l'an ~\\dans un rayon de soleil\\la poussière des livres,H,H,0.0,1.0
684,tram du soir\\son diamant sur le nez\\une étoile,H,H,0.0,1.0
3106,"Café serré,\\sur la colline la brume\\efface la biche",H,F,1.0,0.0
924,"au creux de l'écluse,\\le bateau s'élève - dedans,\\une religieuse",H,H,0.0,1.0
2687,   (Premier jour d'octobre\\   le soleil du matin dans mes yeux\\   bruit métallique de la chaudière),F,F,1.0,0.0
1468,La boîte si grande\\pour un minuscule biscuit\\sans gluten,H,H,0.0,1.0
2398,hors du puits\\dans un seau j'attrape\\une lune,H,H,0.0,1.0
313,l'écorce du pommier\\rongée un peu plus haut\\cette année,F,H,0.0,1.0
2848,Mercredi des Cendres --\\le prêtre\\allume une cigarette,H,H,0.0,1.0
817,marée basse -\\le silence des coquillages\\sous la pleine lune,H,H,0.0,1.0
2015,Eveillée à 4 heures du matin\\Les cris des bernaches du Canada\\Le printemps est là,F,F,1.0,0.0
1304,cimetière militaire -\\le vent effiloche drapeaux\\et cerisiers roses,H,F,1.0,0.0
408,sommeil troublé --\\quelque part dans le noir\\une porte mal fermée,H,H,0.0,1.0
1279,Balade en Chautagne\\juste un chemin de lumière\\soleil sur le lac,F,H,0.0,1.0
1903,nuit d'émeutes-\\après le petit dej\\ramasser les miettes,H,F,1.0,0.0
3144,le slip rouge\\de la violoncelliste -\\concert à Luçon,H,H,0.0,1.0
2464,matin d'anniversaire -\\mes empreintes sur la plage\\un peu plus profondes,H,H,0.0,1.0
1203,arrêt de bus --\\un parfum de femme\\dans l'air,H,H,0.0,1.0
648,un bic à la main\\elle compte ses vidanges\\et moi ses atouts,H,F,1.0,0.0
2708,dernière tonte -\\du sac d'herbe s'échappe\\la brume du soir,H,F,1.0,0.0
1044,après-midi d'été -\\par toutes les fenêtres\\je vois des bambous,H,H,0.0,1.0
3130,tout autour\\de la centrale électrique\\les lumières jaunes des champs de colza,H,H,0.0,1.0
913,près de son lit\\une poche de sang suspendue -\\au dehors...les baies de sorbier,H,H,0.0,1.0
2510,fleur  de cactus --\\je n'avais pas réalisé\\qu'elle connaissait mon nom,H,H,0.0,1.0
28,Heidegger en main\\un vieil homme déambule -\\fleurs de Magnolia,H,H,0.0,1.0
192,(jeune mère fatiguée -\\des feuilles brunes\\tombent des arbres verts),F,H,0.0,1.0
2719,éternuement surprise\\le pissenlit se disperse\\sans un souhait,F,F,1.0,0.0
1910,comme l'année dernière\\le cerisier en fleurs\\cache les buildings,H,H,0.0,1.0
1160,rue de l'u\\la librairie ésotérique\\a disparu,H,H,0.0,1.0
3090,saison de pluie _\\elle rentre sous le préau\\la corde à linge,F,F,1.0,0.0
217,"""tumeur maligne...""\\dans les deux poings du fermier\\des mauvaises herbes",H,H,0.0,1.0
105,la petite\\n'arrive pas à dormir\\lune du loup,H,H,0.0,1.0
2121,Un nid de cigognes\\au-dessus de la maison abandonnée.\\La pluie ne s'arrête pas !,H,H,0.0,1.0
1572,crachin d'hiver ~\\le crissement métallique\\des outils qu'on gratte,H,F,1.0,0.0
3199,feux d'artifices du nouvel an -\\dans leur nouvelle maison \\les enfants réveillés des réfugiés hurlent,H,H,0.0,1.0
1542,j'enfile mes chaussettes\\elle me parle\\de sucres lents,H,H,0.0,1.0
284,caisse de l'hyper -\\sur les paquets de yaourts\\de la dentelle noire,H,H,0.0,1.0
2701,mort du peintre\\un mois après l'encre séchée\\au fond de la pierre,H,H,0.0,1.0
2647,ton message à l'aube\\balaie cette odeur de pluie ~\\thé aux notes boisées,F,F,1.0,0.0
2112,avant les poubelles\\après les poubelles\\le chant de la grive,H,F,1.0,0.0
109,Thanksgiving pluvieux --\\les yeux fixes\\d'un chien du refuge,H,H,0.0,1.0
1047,jours courts~\\ma place au soleil\\dans la bibliothèque,F,F,1.0,0.0
1145,pelouse tondue ras --\\on a laissé les herbes grandir\\tout contre la vieille église,H,H,0.0,1.0
1478,averse nocturne -\\une planche de bois neuve\\au banc de l'écluse,H,H,0.0,1.0
1663,"18eme anniversaire de ma fille\\les rayons du soleil, chauds\\dans ses cheveux",H,H,0.0,1.0
1874,route quotidienne -\\de la grisaille d'octobre\\le sumac se moque,H,H,0.0,1.0
1565,salle d'attente\\les étoiles apparaissent\\une par une,H,H,0.0,1.0
142,son nom sur le marbre;\\naissance et mort\\l'espace entre,H,F,1.0,0.0
2005,la lisière de son slip\\sur ses belles petites fesses\\à quai,H,H,0.0,1.0
90,le mari au travail ?\\le facteur sonne\\pour voir le nouveau-né,F,H,0.0,1.0
3004,Bouton du gilet\\Petit bruit sur l'asphalte\\Lune si proche,H,H,0.0,1.0
3283,   (le brouillard se lève\\   la visage d'un vieil ami\\   à ma promenade du matin),F,H,0.0,1.0
2789,les chats en chaleur-\\un profond soupir\\sur un lit froid,F,H,0.0,1.0
2169,accrochés\\au fil barbelé\\de la laine et du vent,H,H,0.0,1.0
2411,cette araignée\\au-dessus du compost\\comme elle est grasse !,H,H,0.0,1.0
3014,février\\qui de lui ou la lune\\m'a réveillée ?,F,H,0.0,1.0
263,rouges et brillants\\parmi les pétales desséchés\\ses ongles de pied,H,H,0.0,1.0
1460,le nom\\que je ne voulais pas voir -\\café amer,H,F,1.0,0.0
1946,Lune d'hiver -\\des péripatéticiennes\\frappent dans leurs mains,F,F,1.0,0.0
2099,flaque d'eau sur la grève\\son petit pied disparaît\\dans un nuage,H,H,0.0,1.0
3156,Chardons en fleur -\\Dans l'amas de tôle\\Un bras,H,H,0.0,1.0
2446,Ecole buissonnière\\dans la rangée des fourmis\\une à contresens,H,H,0.0,1.0
3095,"Rentrée d'automne,\\un papillon blanc\\dans le métro",H,H,0.0,1.0
1474,grange en ruine -\\une odeur de paille\\au soleil couchant,H,H,0.0,1.0
2497,Emménagement\\Un salon bien ordonné\\Dans le camion,H,F,1.0,0.0
1611,papier journal -\\les pointes des haricots\\sur la nécrologie,H,H,0.0,1.0
2622,mon stylo vide\\en laissant entrer la nuit\\je recharge,H,F,1.0,0.0
166,dans la cour vide\\seuls des sachets en plastique\\font la ronde,H,H,0.0,1.0
27,carrefour\\le coeur brun\\d'une pomme,F,F,1.0,0.0
672,muezzin de l'aube-\\les ronrons du chat\\dans mon oreille,F,F,1.0,0.0
1196,bruit de l'aspirateur -\\le soleil se cache\\derrière un nuage,H,F,1.0,0.0
573,Lingerie fine -\\le parfum des roses\\après la pluie,F,F,1.0,0.0
112,lune du chasseur --\\elle me demande si j'ai trouvé\\ce que je cherchais,H,H,0.0,1.0
2191,L'automne est parti\\cette nuit et ce matin\\l'été d'une mangue,H,H,0.0,1.0
597,(le froid soudain--\\une fraîche couche de glace\\sur la sortie de secours),H,H,0.0,1.0
2442,éclair à la fenêtre --\\le train arrêté\\dans l'orage,H,H,0.0,1.0
2484,"Ascension,\\le soleil\\dans mon café noir",H,H,0.0,1.0
833,insomnie\\la danse des étoiles\\un moment,F,H,0.0,1.0
1107,le soleil levant -\\dans la vitre givrée\\un amas d'étoiles,H,H,0.0,1.0
2553,changement climatique -\\les fleurs du magnolia\\noyées dans le vert,H,H,0.0,1.0
377,Pont Jacques-Cartier\\Au matin une brume dense\\Les autos disparaissent,F,H,0.0,1.0
150,la guêpe\\prise entre les vitres\\première lumière de printemps,H,H,0.0,1.0
805,chambre vide -\\les ombres des clous\\sur les murs,H,H,0.0,1.0
1642,le radiateur derrière la porte\\canicule de juillet,H,F,1.0,0.0
3256,première neige --\\un rasage\\presque parfait,H,H,0.0,1.0
2295,Gaza sous les bombes --\\le croissant de lune\\si mince ce soir,H,H,0.0,1.0
1625,fin d'orage\\le ciel se repose\\dans les flaques,H,H,0.0,1.0
1830,brumaille d'Octobre-\\une touche d'harissa\\sur les œufs brouillés,F,F,1.0,0.0
3282,Nuit étoilée -\\sur la grand route\\un camion change de vitesse,H,H,0.0,1.0
3184,bras mort du canal -\\la course soudaine\\d'une poule d'eau,H,H,0.0,1.0
2706,chemin à l'aube\\l'ouvrage des araignées\\sur mon front,H,H,0.0,1.0
2585,matin de brume -\\elle taille au plus fin\\son crayon à paupières,H,H,0.0,1.0
862,Nuit indigo.\\Le noir profond de la lune\\juste entamé.,H,F,1.0,0.0
815,route côtière...\\les spinnakers gonflés\\de soleil,F,F,1.0,0.0
1224,La ville est dévastée.\\L'ombre d'un dictateur.\\Dans la mosquée.,H,H,0.0,1.0
156,Les jardins d'Alep en 2016\\même l'escargot\\a laissé sa coquille et s'est enfui,H,H,0.0,1.0
447,étoiles au crépuscule\\une nuée de bourgeons de saule\\à la porte,F,H,0.0,1.0
372,(panneau Ceinture de sécurité\\tout ce qui reste\\sur le pont dévasté),H,H,0.0,1.0
1989,"Pluie et vent,\\au fond du bassin les pierres\\frissonnent",H,F,1.0,0.0
1771,un peu de vent\\sur mes épaules nues\\odeur de matin,F,F,1.0,0.0
1964,plein été –\\la lumière aveuglante\\du bloc opératoire,H,F,1.0,0.0
1230,une vraie merveille du monde --\\comment elle remplit\\son T-shirt Grand Canyon,H,H,0.0,1.0
115,   dans la cour\\   au milieu de notre dispute --\\   une libellule rouge,F,H,0.0,1.0
1814,fin du jour --\\sur les ailes des hirondelles\\encore un peu de soleil,H,H,0.0,1.0
1541,dans la vapeur\\de ma tasse de thé\\la lune montante,H,H,0.0,1.0
1136,champs nus -\\la ligne à haute tension\\à pas de géants,H,H,0.0,1.0
2064,quinze ans déjà* ...\\une autre fleur est tombée\\du magnolia blanc,H,F,1.0,0.0
1835,bruissement d'ailes\\des chauves-souris -\\la nuit descend,H,H,0.0,1.0
2651,"tandis qu'il me cause\\sur la galerie\\mon ombre, se cache...",F,H,0.0,1.0
3067,j'attends le bus --\\au bout de la rue\\coucher de soleil,H,H,0.0,1.0
1618,"Ecrit en trois lignes\\sur le pot de confiture\\date, lieu et fruit",H,H,0.0,1.0
2092,dans la souche creuse\\du vieil arbre\\des coquelicots en fleurs,H,H,0.0,1.0
76,chaleur écrasante —\\dans des rumeurs de taffetas\\les caresses éventées,F,F,1.0,0.0
529,trois bouts de cartons \\éparpillés \\restes de bonneteau,H,F,1.0,0.0
2710,Saint-Valentin --\\le ballon en forme de coeur\\ne rentre pas dans le taxi,H,H,0.0,1.0
3016,ciel couvert -\\des volutes de fumée\\par dessus la cloture,F,H,0.0,1.0
3065,fin d'été\\dans les bagages\\les habits d'automne,F,H,0.0,1.0
3058,premiers frissons~\\j'enterre le chat\\dans ma robe d'été,F,H,0.0,1.0
1236,de son fauteuil roulant\\l'enfant ne voit par la fenêtre\\que le ciel,H,H,0.0,1.0
1522,lendemain de vote\\une mouche entre les verres\\du double vitrage,H,H,0.0,1.0
1476,"jour pluvieux\\dans la forêt pluvieuse\\plic, plic, plic",F,H,0.0,1.0
1475,Mardi Gras -\\les mangeoires\\encombrées,H,H,0.0,1.0
2498,(Dans la flaque laissée par la marée\\Deux crabes dans une étreinte\\Le dîner d'aujourd'hui),F,H,0.0,1.0
2461,Vent violent -\\au coeur de l'hiver le goût\\des patates douces,H,F,1.0,0.0
1489,soleil d'hiver\\le plat de ma main\\sur la vitre froide,H,H,0.0,1.0
2403,terre crue\\de terrasse en terrasse\\l'appel du muezzin,F,H,0.0,1.0
561,jour d'hiver -\\toutes ces statues nues\\dans le parc,H,H,0.0,1.0
1575,sous ma capuche\\la rumeur de la rue\\picotée de pluie,H,F,1.0,0.0
2975,labour d'octobre\\aux coudes aux cuisses\\des fils de la vierge,F,H,0.0,1.0
1147,sous l'aube terne d'octobre le vol d'un pigeon encore noir,H,H,0.0,1.0
2736,d'une pièce sans fenêtres\\la vue sur l'océan\\de mon économiseur d'écran,H,H,0.0,1.0
613,ciel\\scintillant d'étoiles -\\trottoir\\terne\\de chewing-gums,H,H,0.0,1.0
2114,Labeur nocturne\\un café n’empêche pas mes\\chaussettes dépareillées,F,H,0.0,1.0
1528,(une enfilade de feux de signalisation\\change du rouge au vert\\pleine lune d'été),H,H,0.0,1.0
558,"double expresso, the hurlement des sirènes dans la nuit torride",H,H,0.0,1.0
2615,catalogue de graines\\dans le courrier\\le printemps en main,F,H,0.0,1.0
3047,nuit sans nuages\\elle regarde dans le miroir\\et compte ses nouvelles rides,F,F,1.0,0.0
4,croisée de chemins -\\le genévrier\\s'est arrêté là,H,H,0.0,1.0
493,ne pas faire son lit\\le défaire\\jour de retour,H,H,0.0,1.0
296,soleil froid\\dans le parlement\\leurs hurlements,H,H,0.0,1.0
114,fenêtre ouverte\\le bruit de la pluie\\interrompt mon rêve,H,H,0.0,1.0
3150,l'odeur du pain\\remplit tout l'appartement -\\fin fond de la nuit,H,F,1.0,0.0
3211,restes de Noël --\\ma mère oublie\\pourquoi elle m'a appelé,H,H,0.0,1.0
265,velux entrouvert -\\la pénombre s'emplit\\du bruit de la pluie,H,F,1.0,0.0
1314,un monde flottant\\tout au bout de la route\\vient la lumière,H,H,0.0,1.0
1854,pluie froide d'avril --\\je ne me rappelle plus\\ton nom,H,H,0.0,1.0
2182,ciel couvert\\jusqu'à ce qu'un papillon blanc se pose\\sur mon écran de téléphone,H,H,0.0,1.0
1443,carnet de haïkus -\\l'empreinte de mes pas\\dans la neige de mars,H,H,0.0,1.0
2875,salle d'attente\\à chaque nouvel arrivant\\le bruit des vagues,F,H,0.0,1.0
1765,mer et ciel gris\\elle rêve\\d'iris bleus,F,H,0.0,1.0
1806,tout le ciel\\pour le peintre du dimanche\\-- avant l'orage,H,F,1.0,0.0
1174,"la fin des vacances - à la télé, d'Artagnan parle en anglais",H,H,0.0,1.0
226,nuages de beau temps --\\l'échographie\\de mon prochain petit-fils,H,H,0.0,1.0
1869,Une maison désertée\\Pour qui mûrissez-vous\\Ô grappes de raisin ?,F,H,0.0,1.0
1167,Matin d'avril~\\du champ boueux s'envole\\la grâce du héron,F,H,0.0,1.0
3085,l'hiver à grand pas~\\dans la rue de plus en plus\\de foulards,F,H,0.0,1.0
1802,Eté indien --\\sa voix dans la chute\\des feuilles,F,H,0.0,1.0
333,sur les restes du repas\\une dispute à propos\\des causes de la guerre,H,H,0.0,1.0
1228,Depuis l'été dernier\\Mes poches remplies\\De sable,F,H,0.0,1.0
2603,la même musique\\encore et encore\\pluie d'hiver,H,H,0.0,1.0
2046,grand soleil -\\les moucherons se baignent\\dans le vin blanc,H,F,1.0,0.0
335,son thé refroidi\\au milieu de la table\\première neige,H,H,0.0,1.0
2131,bruits de grattoir\\sur une pare-brise -\\la chaleur du lit,H,H,0.0,1.0
340,fin d'été --\\j'observe le Dow (Jones)\\tomber,H,H,0.0,1.0
1292,Il pleut encore-\\échange de regards\\le chat et moi,H,H,0.0,1.0
702,premier soir -\\toujours pas de trève\\à Gaza,H,F,1.0,0.0
1515,clématique grimpante\\grimpant au travers\\du rosier grimpant,H,H,0.0,1.0
2184,sommeil troublé --\\les étincelles\\d'un câble à haute-tension,H,H,0.0,1.0
177,Perseïdes . . . \\des chutes sourdes çà et là\\dans le verger,F,F,1.0,0.0
182,coquille écrasée\\dans la lumière du matin\\les derniers mouvements de l'escargot,H,H,0.0,1.0
2741,photo de mariage\\sous la longue branche\\d'arbre centenaire,H,F,1.0,0.0
1152,encens urbain --\\la vapeur qui monte\\d'un trou d'homme,H,H,0.0,1.0
2210,sur le brûleur\\les moules s'ouvrent\\sans un cri,H,F,1.0,0.0
3200,fin d'après-midi\\l'ombre d'une fleur sauvage\\rejoint le jardin,H,H,0.0,1.0
2110,Un escargot\\dans l'oeil droit de la citrouille-\\lendemain d'Halloween,H,F,1.0,0.0
1190,en haut des cuisses\\dans l'espace sous le slip\\un morceau de mer,H,H,0.0,1.0
2435,Grisaille de décembre -\\j'allume au-dessus de la table\\pour écrire des v?ux,F,H,0.0,1.0
3224,journée des retraites -\\une mite s'emmêle\\dans mes cheveux,F,H,0.0,1.0
1423,pause fumette\\trois Pères Noël avec barbes\\décapotées,H,F,1.0,0.0
3051,Maison des aïeux -\\Semées par le vent\\des nouvelles fleurs...,F,H,0.0,1.0
907,thé du soir -\\la flamme de l'allumette\\réveille les ombres,H,F,1.0,0.0
2587,nuit froide --\\je deviens\\l'oreiller du chien,H,F,1.0,0.0
2252,petit matin -\\parmi les herbes fauchées\\aussi des fleurs,H,H,0.0,1.0
769,"Pénombre au jardin.\\A l'aube, seules apparaissent\\les fleurs du cerisier.",H,F,1.0,0.0
2058,voisine de rame\\ses cernes de fatigue\\son tee-shirt « Happy »,F,H,0.0,1.0
1343,(bleu pur --\\un oeuf de rouge-gorge\\cassé,H,F,1.0,0.0
1175,Cèdres chargés de pluie\\ma peau se sent si mouillée aujourd'hui\\parfum des roses jaune,F,F,1.0,0.0
2294,nuit de pleine lune -\\un moustique sur l'écran\\de l'ordinateur,H,H,0.0,1.0
852,sous la poussière du grenier --\\une autre enveloppe non ouverte,H,H,0.0,1.0
69,Entre le silence.\\Et le silence de l'autre.\\Comme de la pluie.,H,H,0.0,1.0
2104,après la conférence\\les pigeons font la fête\\avec les miettes,H,F,1.0,0.0
2679,doucement la lame\\sous la chair de la mangue\\soleil couchant,F,H,0.0,1.0
1779,Esprit de Noël -\\j'ai expulsé les migrants\\qui squattaient ma crèche,H,H,0.0,1.0
216,Sans toi\\sous le ciel d'hiver\\nos pas perdus,F,F,1.0,0.0
3308,pluie froide~\\une heure à épaissir l'assida\\à feu doux,F,F,1.0,0.0
757,toute la nuit à contempler\\la lune -\\le cercle parfait d'argent de l'escargot,H,F,1.0,0.0
474,Sur le sol trempé\\des centaines de bogues -\\aucune étoile.,H,H,0.0,1.0
251,Goût de saké~\\dans la brume parfois\\le parfum de ma mère,F,F,1.0,0.0
1220,Entrée du bois -\\débris de faïence WC\\sous l'églantier en fleur,F,H,0.0,1.0
1718,empilées avec soin\\les odeurs\\de bois d'oeuvre scié,H,H,0.0,1.0
1901,à pas lents dans le parc\\herbe et terre humide avant\\huit heures de clim,H,H,0.0,1.0
2030,la lune \\et mon verre de vin\\à moitié vides,H,H,0.0,1.0
2318,sortant du docteur\\plus lourdes et plus froides\\les gouttes de pluie,F,H,0.0,1.0
2300,printemps battant~\\toutes ces épices\\dans ma cuisine!,F,F,1.0,0.0
185,Jour des Morts --\\mon visage non rasé\\dans le miroir,H,H,0.0,1.0
93,Nuit du nouvel-an\\la chaleur de ses yeux\\sur le champagne froid,F,F,1.0,0.0
1154,Jardin du Peyrou -\\sur son cheval Louis XIV\\écoute du rap,H,F,1.0,0.0
2120,crépuscule de novembre --\\la chaleur\\d'une chanson familière,H,H,0.0,1.0
343,ma chambre d'enfant\\des mouvements lents d'une coccinelle\\couverte de poussière!,F,H,0.0,1.0
111,bientôt l'orage --\\la fascination de mon fils de douze ans\\pour la guerre,H,F,1.0,0.0
2699,matin de juillet-\\le coton parade\\dans le ciel bleu,F,F,1.0,0.0
2358,(aube du lundi --\\le silence\\des feux de signalisation),H,H,0.0,1.0
2373,premiers crocus fanés\\de plus en plus varié\\le chant des oiseaux,F,F,1.0,0.0
3107,Avec une faucille\\grand père montre le croissant de lune,H,H,0.0,1.0
1919,Épiphanie -\\les bourgeons du magnolia\\défient le ciel gris,H,F,1.0,0.0
1068,"autour de la lune\\lentement, la brume\\au-dessus des grillons",H,F,1.0,0.0
1791,étable silencieuse...\\la force soudaine\\de la pisse du cheval,F,F,1.0,0.0
691,cul d’une canette\\sous l’herbe givrée\\luit la lune,H,H,0.0,1.0
1199,pluie de décembre ---\\la longue nuit\\plus longue,H,H,0.0,1.0
1807,(lunettes_de_soleilécouteurs &amp; le monde au delà),H,H,0.0,1.0
1777,tronc du vieux pin -\\une mue de cigale\\face au couchant,H,F,1.0,0.0
961,Sur le fil à linge\\un oiseau en équilibre-\\quelque part à Fallouja,H,H,0.0,1.0
761,reflet dans la vitre\\de son visage en pleurs -\\bruit sourd de la pluie,H,H,0.0,1.0
1513,crépuscule --\\cette chanson\\me fait encore pleurer,H,H,0.0,1.0
3255,Le vieux puits.\\Un écho.\\Avec chaque balle.,H,H,0.0,1.0
711,sous la pluie sans fin\\sur la place grise\\les couleurs du manège,H,H,0.0,1.0
332,pluie froide d'avril --\\l'anniversaire de ma fille\\sur un autre continent,H,H,0.0,1.0
431,heure d'hiver~\\l'amertume\\d'un chocolat noir,F,F,1.0,0.0
1036,musique d'orgue\\dans le métro\\ses longues jambes,H,H,0.0,1.0
1750,l'ombre\\de son piercing au menton\\marque midi,H,F,1.0,0.0
2074,brouillard matinal\\les points vertes des oignons\\percent le sol,H,H,0.0,1.0
991,(roues de médecine\\des cairns de pierres des champs apparaissent\\dans le brouillard froid du printemps),H,F,1.0,0.0
2579,jour sans haïku\\écoute...\\le silence,F,H,0.0,1.0
3118,la tempête de grêle\\réarrange le gravier\\du jardin Zen,F,H,0.0,1.0
1985,solstice d'été\\à la fin de la trace de l'escargot\\la fin de l'escargot,F,H,0.0,1.0
2948,la brume monte --\\elle repousse ses cheveux\\sur son épaule,H,H,0.0,1.0
547,bruine d'été au confluent des deux fleuves - barques immobiles,H,H,0.0,1.0
2154,après la tempête (de neige)\\les rues\\n'ont plus de noms,H,H,0.0,1.0
2583,premières mesures -\\le reflet des projecteurs\\sur les cordes du banjo,H,H,0.0,1.0
2221,vents et pluie\\entre les montagnes\\le dos d'une baleine,F,F,1.0,0.0
2911,des petites mains froides-\\le bonhomme de neige sourit déjà,H,H,0.0,1.0
2127,la vieille dame s'agenouille\\pour prier - un oiseau enfermé\\bat des ailes à la fenêtre,H,H,0.0,1.0
18,la lumière du jour faiblit --\\ma mère pose\\deux fois la même question,H,F,1.0,0.0
3012,midi du jour 8 ~\\les sirènes ne font pas\\taire les oiseaux,H,F,1.0,0.0
127,bientôt à la maison\\faire une halte à l'étang\\pour réfléchir,F,F,1.0,0.0
238,une île\\sur papier glacé glissée\\sous la porte,H,H,0.0,1.0
629,Lisbonne Bergerac\\le va et vient incessant\\des essuie-glaces,H,H,0.0,1.0
2417,peur d'un gamin\\avec les yeux d'un viel homme\\aiguilles de givre,H,H,0.0,1.0
2025,nuit blanche\\je rassemble les pétales\\des roses fanées,F,H,0.0,1.0
3169,Nuit venue trop tôt\\Le lit est resté défait\\Vide et trop grand...,F,F,1.0,0.0
2225,dans le jardin oublié\\elle sème ses pétales\\l'aubépine,F,F,1.0,0.0
20,nuit d'automne\\dans la lumière bleue\\une rose jaune,F,F,1.0,0.0
609,nuit d'automne --\\la bête a crié longtemps\\dans le jardin,H,H,0.0,1.0
308,pleine lune --\\après la soupe aux potirons\\son ventre plus rond,H,F,1.0,0.0
2935,village perdu\\une vieille à sa fenêtre\\veille sur le virage,H,F,1.0,0.0
3241,Bébé a faim\\dans ses balconnets fleuris\\une odeur de lait,F,F,1.0,0.0
1576,secousses du tramway\\pointe de l' hameçon\\au soleil,F,F,1.0,0.0
437,Lune gibbeuse -\\il manque un fragment\\à son puzzle,F,H,0.0,1.0
2334,empreintes dans la neige\\des mots\\que je ne peux reprendre,H,H,0.0,1.0
2636,visite d'automne --\\sur les nouvelles de la guerre nous parlons\\de bébés . . .,F,H,0.0,1.0
397,regardant les mouettes\\fouiller les restes du marché\\imaginer la mer,H,H,0.0,1.0
128,une libellule\\sur une libellule\\chaleur d'été,H,H,0.0,1.0
1744,soirée de brume-\\une note solitaire\\s'échappe d'un saxo,F,F,1.0,0.0
1659,Avec le mur détruit\\les mots aussi\\Se brisent,H,H,0.0,1.0
3214,nouvelle lune . . . \\le son mat\\d'une noix,F,F,1.0,0.0
2650,brouillard d'hiver -\\se chauffer à la voix\\de Bessie Smith,H,F,1.0,0.0
1163,colline nue—\\du verre brisé étincelle\\où le soleil se déplace,H,H,0.0,1.0
848,JOUR DE VENTE -\\un lever anticipée\\pour le sans-abri,H,F,1.0,0.0
173,nuages d'orage -\\elle repeint la cabane\\en gris anthracite,H,H,0.0,1.0
1057,Éclats rouges –\\le cognassier du japon\\réchauffe le jardin,F,H,0.0,1.0
715,équinoxe d'automne --\\le claquement\\d'un fil à marquer (contre le mur),F,H,0.0,1.0
779,il y a longtemps\\je jetais tes lettres\\empreintes dans la neige,H,H,0.0,1.0
161,ciel couvert --\\juste encore un jeu\\de solitaire,H,H,0.0,1.0
1508,les ombres du lilas\\escaladent le mur du jardin;\\se glissent dans les bois,H,H,0.0,1.0
1505,rénovation du placard--\\en retirant tous ses vêtements\\elle encloue le menuisier,F,H,0.0,1.0
199,la marque du sel\\sur son pantalon de ville -\\un homme à la mer,H,F,1.0,0.0
2245,tramway bondé\\à chaque station\\un arbre en fleur,F,H,0.0,1.0
2528,Fin de l'année\\balayant les mouches\\du balcon,H,H,0.0,1.0
548,crépuscule -\\une dernière buse\\en cercles lents,H,H,0.0,1.0
1017,épiphanie -\\le cadeau d'une souris morte\\sur le seuil,H,H,0.0,1.0
1063,malgré\\les bombes et les mensonges\\les fleurs sauvages,F,H,0.0,1.0
139,dormant\\à côté du poisson orange -\\pleine lune de novembre,H,H,0.0,1.0
1273,quelqu'un marche\\autour de la maison -\\pluie de printemps,H,H,0.0,1.0
1261,Memorial Day --\\les étoiles obscursies\\par une fumée lointaine,H,H,0.0,1.0
3202,Seul dans ma nuit\\souvenir des lampions\\de mon enfance,H,H,0.0,1.0
228,endormi\\sur le sol du metro\\le soldat inconnu,H,H,0.0,1.0
896,matin d'hiver\\un long chemin de lumière\\coupe le jardin,H,F,1.0,0.0
499,sous l'épervier\\faisant le Saint Esprit :\\un tas de fumier,F,H,0.0,1.0
2265,"vite entrevue, ce soir,\\la plaque d'une\\Rue du vent",H,H,0.0,1.0
2382,bombes au phosphore --\\l'odeur de chair brûlée\\des crématoires,H,H,0.0,1.0
858,parking de l'hôpital -\\une bouffée de roses\\avant d'entrer,H,H,0.0,1.0
240,planté là\\par une petite amie --\\étoile filante,H,H,0.0,1.0
1673,28° jour\\en miroir sur le fleuve\\à nouveau la lune,H,F,1.0,0.0
2180,moins quarante-six\\la fumée de mon café\\réchauffe mon nez,F,H,0.0,1.0
2568,flambant neuf\\les pétales blancs\\du cerisier,F,F,1.0,0.0
824,Courrier du matin\\trois crocus jaunes\\sur un timbre,F,F,1.0,0.0
2493,long arrêt du train -\\les 33 cl d'Amsterdam Maximator\\descendent,H,F,1.0,0.0
3299,avec mon père \\parler d'apprendre à vieillir \\- l'odeur des clématites,H,H,0.0,1.0
2230,escalier de pierre\\sur les marches usées elle foule\\deux ou trois nuages,F,H,0.0,1.0
504,Dans la brume\\surgit la joggeuse puis\\une bouffée de parfum,H,F,1.0,0.0
1298,des fleurs\\coupées précocement\\sur le trottoir,F,F,1.0,0.0
45,nuit chaude\\le string de la voisine sur la corde à linge,H,H,0.0,1.0
3128,l'arbre à papillons\\borde le cimetière -\\quelle chaleur,H,H,0.0,1.0
2279,plage familiale-\\les femmes font des pâtés\\et gardent leur maillot,H,H,0.0,1.0
854,passant devant leur maison vide -\\son petit baiser\\encore sur la vitre,H,H,0.0,1.0
1469,   ciel d'automne\\   des teintes de rose et de pourpre\\   champ de citrouilles,F,F,1.0,0.0
1131,reprenant le livre\\ouvert sur la table\\- quelques grains de sable,H,H,0.0,1.0
1534,hiver\\dans les yeux de grand-mère\\une ombre grise,F,H,0.0,1.0
0,nettoyage de printemps . . . \\je peins sur\\les moustiques de l'an dernier,F,F,1.0,0.0
48,Bouquet de fleurs\\Déposé contre un arbre\\Dans la pluie,H,H,0.0,1.0
2365,"chemises à repasser\\montagne de coton, soupir\\bruit de vapeur",H,H,0.0,1.0
1065,après la pluie\\sur le mur - tisse encore\\l'araignée,F,F,1.0,0.0
1704,deux mois et cent-vingt messages\\tes mots adorés,F,H,0.0,1.0
1958,Boules de neige\\ses gateaux de saisons\\mangés un par un,F,H,0.0,1.0
3174,Alambic -\\au dôme d'une mosquée\\Leïla le compare,H,F,1.0,0.0
1535,sonate de Bach\\le rouge à lèvres\\de la soliste,H,H,0.0,1.0
2878,le malentendant\\avec ses lunettes -\\noires,H,F,1.0,0.0
877,Chaleur torride\\Il astique le reflet\\de sa Porsche noire,H,F,1.0,0.0
2885,vitrine du libraire -\\les couvertures décolorées\\des romans de l'été,H,H,0.0,1.0
1635,200 miles . . . \\cette fleur de prunier\\sur mon pare-brise,F,H,0.0,1.0
2410,les lampes éteintes\\sur la vitrine d'armes\\la lune,H,H,0.0,1.0
1782,à la porte de chez Fauchon\\une flaque de vomi\\- fin de l'an,H,H,0.0,1.0
2774,canicule\\sous nos corps immobiles\\la moiteur du lit,F,H,0.0,1.0
2926,Gaza\\avec les roquettes\\on fabrique des poêles à frire,H,F,1.0,0.0
1700,terrasse au midi\\toutes les ombres\\sentent l'anis,H,H,0.0,1.0
169,ciel sans nuage\\un cerf-volant rouge\\se perd dans le lointain,F,F,1.0,0.0
2960,une île et une grosse vague\\mal à l'aise en regardant le choix\\de son fond d'écran,F,F,1.0,0.0
1803,parcours chatouilleux\\d'insecte sur ma joue\\- passage d'avions,H,H,0.0,1.0
1913,thé du soir\\dans un parfum de menthe son absence\\infuse,H,F,1.0,0.0
2766,dans la haie\\les fenêtres éclairées\\d'un train,H,F,1.0,0.0
1947,Dans le boulodrome abandonné\\plus que des bogues de marrons,H,F,1.0,0.0
463,dans la citrouille \\à la place de la bougie \\une lampe à diode,H,H,0.0,1.0
2543,il se ha?e\\pour traverser le chemin\\l'escargot imprudent !,H,F,1.0,0.0
948,père et fils dans l'eau\\la jeune mère voilée\\dans l'ombre,H,H,0.0,1.0
2620,"Des nuages paressent\\sur la pyramide du Louvre\\en bas, la cohue",H,H,0.0,1.0
168,les feuilles rouges\\les premières à tomber\\un porto ce soir,F,H,0.0,1.0
1710,Vieille rue du centre\\Un plein magasin\\De fringues gothiques,H,H,0.0,1.0
2138,continuellement -\\dans la nuit d'été\\sirène après sirène,H,H,0.0,1.0
242,bruits feutrés\\quelques secondes des ailes\\du papillon,F,H,0.0,1.0
685,toute une procession\\ces funérailles du trente et un\\décembre 2004,F,H,0.0,1.0
890,jours de neige --\\plus de blanc que je ne croyais\\dans ma barbe,H,H,0.0,1.0
193,les volets ouverts\\une part d'ombre subsiste\\dans la chambre vide,H,H,0.0,1.0
1243,Cigale en faïence\\et déambulateur -\\fin du voyage,F,F,1.0,0.0
2357,du puits\\dans un seau j'attrape\\une lune,H,H,0.0,1.0
1153,crèmes de beauté\\le jour la nuit le jour\\l'automne touche à sa fin,F,H,0.0,1.0
1517,nuit orageuse -\\le bourdonnement\\d'une moissonneuse,H,H,0.0,1.0
3053,"pélérine rouge\\de la jeune fille, pour sortir\\le pitbull",H,H,0.0,1.0
405,berges du marais\\dans ce vieux saule l'automne\\n'a laissé qu'un nid,H,H,0.0,1.0
365,Les moustiques\\dans ma nouvelle maison\\ne m'ont pas suivi,H,H,0.0,1.0
325,entre deux averses\\la bouteille de saint-julien\\commence sa décrue,H,H,0.0,1.0
953,touffeur nocturne -\\la petite chienne se lève\\sous la voie lactée,H,F,1.0,0.0
2586,Ce jour sombre et gris --\\une pluie fine tombe surveillent\\les roses déssèchées,F,H,0.0,1.0
1463,demi-lune\\la glace craque\\sous les pas,H,H,0.0,1.0
26,pleine lune de printemps -\\après la nuit\\...jeûner,H,F,1.0,0.0
