Philippe Quinta |  France | Fut-elle pleine\\déjà, elle décroit\\la lune


Daniel Py |  France | Lune parfaitement ronde\\Buée sur la vitre


Marlène Alexa |  Egypte | hiver\\dans les yeux de grand-mère\\une ombre grise


Rahmatou Sangotte |  France | ciel gris -\\une odeur d'oignons\\caramélisés


Rahmatou Sangotte |  France | gray skies -\\the smell of\\caramelized onions


Carol Raisfeld |  USA | the pastor's daughter\\her Sunday dress\\the color of bruises


Carol Raisfeld |  USA | la fille du pasteur\\sa robe du dimanche\\de la couleur des ecchymoses


Lilas Ligier |  France | Sans toi\\sous le ciel d'hiver\\nos pas perdus


Michel Duflo |  France | petit noir -\\les cernes\\de la serveuse


Josiane Boulanger |  Belgique | Avant de partir,\\dans le miroir du salon\\tes yeux et les miens.


 sprite |  England | brusques giboulées -\\pleurs et puis rires de l'ado\\en quete d'emploi


Patrick Palaquer |  France | les mots sous les doigts\\l'aveugle et son livre en braille\\frottement du papier


John Wisdom |  USA | lengthening days\\even the morning glory\\a shade bluer


John Wisdom |  USA | les jours s'allongent\\même la gloire du matin\\d'une teinte plus bleue


Bill Bilquin |  Belgique | on my smartphone\\mount fuji in the sunset\\morning coffee ---


Bill Bilquin |  Belgique | sur mon smartphone\\le mont fuji au soleil couchant\\café du matin


Damien Gabriels |  France | l'orage s'éloigne -\\d'une fenêtre ouverte\\un prélude de Bach


Paul David Mena |  USA | new moon --\\the mouse in the ceiling\\awakens


Paul David Mena |  USA | nouvelle lune --\\la souris dans le grenier\\s'éveille


John McDonald |  Scotland (UK) | dudoon\\aye wairmth\\in her rosary beads


John McDonald |  Scotland (UK) | sundow\\still warmth\\in her rosary beads


Paul David Mena |  USA | still wandering\\the empty corridor --\\cheap perfume


Paul David Mena |  USA | encore errant\\dans le couloir vide --\\un parfum bon marché


Yves Brillon |  Canada | sortant du métro\\face à face avec la lune -\\retour du boulot


Chase Gagnon |  USA | forgetting his voice\\my dad’s apology letter \\crackles in the fire


Chase Gagnon |  USA | j'oublie sa voix\\la lettre d'excuses de mon père\\crépite dans le feu


Minh-Triêt Pham |  France | journée mondiale du sida -\\je réinstalle\\mon antivirus


Bill Bilquin |  Belgique | soleil froid\\dans le parlement\\leurs hurlements


Daniel Py |  France | ceinture brune : sa peau\\entre top et pantalon\\- ligne quatorze


David Serjeant |  UK | fifteen elephants -\\after the storm\\the cockerels waking


Danièle Duteil |  France | temps d'orage -\\sous les bottes le bruit\\des pavés


Isabel Asunsolo |  France | un peu avant l'aube\\éolienne immobile\\- vendredi saint


Isabel Asunsolo |  France | midi en avril\\les roseaux morts se frottent\\avec les vivants


Mohamad Alsari |  Syria | Mes doigts\\entre ses doigts\\Piano


Damien Gabriels |  France | sortie du tunnel -\\un champ de colza éclaire\\le compartiment


Sarra Masmoudi |  Tunisie | grosse lune du loup~\\quartier après quartier le panier\\de sanguines


Israel Balan |  Mexico | with each sip\\from the bottle\\moonlight on my face


Israel Balan |  Mexico | à chaque gorgée\\de la bouteille\\le clair de lune sur mon visage


Eric Hellal |  France | chaque soir\\au bout de la route\\l'usine Seveso


Henri Chevignard |  France | Harley Davidson \\rutilante de rosée - \\dimanche d'été


Paul David Mena |  USA | Ash Wednesday --\\the priest\\lights a cigarette


Paul David Mena |  USA | Mercredi des Cendres --\\le prêtre\\allume une cigarette


Ben Coudert |  France | premier café -\\des éclats de lune\\dans mon bol


Israel Balan |  Mexico | long trip -\\at the end of highway\\the moon


Israel Balan |  Mexico | long voyage --\\au bout de l'autoroute\\la lune


Sarra Masmoudi |  Tunisie | éclipse partielle~\\le vieux chat\\titubant


Daniel Py |  France | noir à fleurs bleues\\le slip de l'altiste\\- Shostakovitch


Carol Raisfeld |  USA | train whistle . . .\\palm prints linger\\against the glass


Carol Raisfeld |  USA | sifflement du train . . .\\l'empreinte de la main traîne\\sur la vitre


Christian Cosberg |  France | haïku cocaïne\\l'addiction\\en trois lignes


Paul David Mena |  USA | my retirement plan\\the ripples\\in a mud puddle


Paul David Mena |  USA | mon plan de retraite\\les rides\\dans une flaque de boue


Angelika Kolompar Renville |  Canada | An orange and pink sky -\\from the pulpmill a grey cloud\\on the cool Spring day


Angelika Kolompar Renville |  Canada | Un ciel orange et rose -\\de la papetière un nuage gris\\sur ce froid jour de printemps


Daniel Py |  France | Grande Marée\\Le pétrole\\au plus haut


Daniel Py |  France |    High tide\\   oil reaching\\   new heights


Paul David Mena |  USA | market forecast:\\record warmth\\followed by rain


Paul David Mena |  USA | prévision boursière:\\record de chaleur\\suivi de pluie


Angelika Kolompar Renville |  Canada | rainy day\\in the rainforest\\drip, drip, drip


Angelika Kolompar Renville |  Canada | jour pluvieux\\dans la forêt pluvieuse\\plic, plic, plic


Carole MacRury |  USA | in the yard\\between our argument -\\a red dragonfly


Carole MacRury |  USA |    dans la cour\\   au milieu de notre dispute --\\   une libellule rouge


Eric Hellal |  France | T shirt -\\encore mieux armée\\sans armature


Daniel Py |  France | dans le bol de verveine\\l'ampoule du plafonnier\\- mi-novembre


André Duhaime |  Canada | guitare et harmonica\\dans mon auto bob dylan aussi\\a encore 20 ans


André Duhaime |  Canada | guitar and harmonica\\in my car bob dylan also\\is still 20


André Cayrel |  France | parmi les passants\\le parfum persistant\\d’une passante


Denise Dudon |  France | vitrail presque noir\\dans la cathédrale obscure\\Chartres sans soleil


Philippe Macé |  France | ma maison d’enfance\\par un carreau entrevoir\\l’obscurité


John McDonald |  Scotland (UK) | lit caunles\\tears as they mouten -\\Nagasaki day


John McDonald |  Scotland (UK) | lit candles\\tears as they melt -\\Nagasaki day


John McDonald |  Scotland (UK) | chandelles allumées\\des larmes en fondant\\jour de Nagasaki


Paul David Mena |  USA | snow flurries --\\trying to remember\\when I first turned gray


Paul David Mena |  USA | flocons de neige --\\j'essaie de me souvenirs\\quand je suis devenu gris


Robert Van Muylder |  Belgique | inquiète -\\le tracé de ton nez\\sur la vitre


Gérard Maréchal |  France | Qi gong,\\lentement il fait tomber\\la neige du ciel


Paul David Mena |  USA | the trainyard at dawn --\\new graffiti\\on an old caboose


Paul David Mena |  USA | faisceau de triage à l'aube --\\de nouveaux graffiti\\sur le vieux fourgon


Mark Holloway |  UK | overcast\\until a white moth lands\\on my phone screen


Mark Holloway |  UK | ciel couvert\\jusqu'à ce qu'un papillon blanc se pose\\sur mon écran de téléphone


Gérard Dumon |  France | nuit étoilée\\le bonheur de pouvoir\\pisser sous la lune


Ben Coudert |  France | retour au travail -\\le triste son du ressac\\de la photocopieuse


Paul David Mena |  USA | first of December -\\the darkness\\before dawn


Paul David Mena |  USA | premier de décembre ---\\l'obscurité\\avant l'aube


Isabel Asunsolo |  France | Best Of Mac Donald\\deux limaçons roux\\sur une frite


Damien Gabriels |  France | après chaque voiture\\la ruée des pies\\vers l'amas de poils rouges


Paul David Mena |  USA | crescent moon --\\the fullness\\of her hips


Paul David Mena |  USA | croissant de lune --\\la plenitude\\de ses lèvres


 sprite |  England | a McDo box\\floats towards the fountain\\insect on board


 sprite |  England |    une boite du McDo\\   flotte vers la fontaine\\   un insecte à bord


John McDonald |  Scotland (UK) | fou muin -\\a new granbairn\\sookin


John McDonald |  Scotland (UK) | full moon -\\a new grandchild\\suckling


John McDonald |  Scotland (UK) | pleine lune -\\un nouveau petit-fils\\têtant


Damien Gabriels |  France | dans la vapeur\\de ma tasse de thé\\la lune montante


Louis Nagara |  France | terrasse ensoleillée\\oublier Noël\\qui approche


Damien Gabriels |  France | minuit -\\avant le 12ème coup\\... la  chasse d'eau


Gérard Dumon |  France | course sous l'orage\\l'odeur du grain\\dans la grange


Paul David Mena |  USA | black ice --\\the doctor would like\\to run more tests


Paul David Mena |  USA | verglas --\\le médecin voudrait\\plus de tests


Franck Vasseur |  France | le dernier Kérouac\\à l'étroit \\entre Issa et Kervern


John McDonald |  Scotland (UK) | bygaun thayr tuim hoose -\\her peerie pree\\aye on the lozen


John McDonald |  Scotland (UK) | passing their empty house -\\her tiny kiss\\still on the pane


John McDonald |  Scotland (UK) | passant devant leur maison vide -\\son petit baiser\\encore sur la vitre


Daniel Py |  France | au coin de l'avenue\\chaque matin vers 9 h 30\\il ferme sa tente


Daniel Py |  France | un plastique bleu\\dans l'arbre encore nu\\- mi-avril


Israel Balan |  Mexico | traffic at night -\\she talks about\\cholesterol


Israel Balan |  Mexico | trafic de nuit --\\elle me parle de\\cholesterol


William Sorlien |  USA | medicine wheels\\cairns of field stone appear\\in the cold spring fog


William Sorlien |  USA | (roues de médecine\\des cairns de pierres des champs apparaissent\\dans le brouillard froid du printemps)


Marie Derley |  Belgique | Hiver sans congés –\\au creux du coquillage\\le bruit de la mer


Meryem Lahlou |  Maroc | Coucher de soleil\\Quelque chose du jour\\Dans le pot de jasmin


Paul David Mena |  USA | one week before Christmas\\a three-legged dog\\sniffs the trash


Paul David Mena |  USA | une semaine avant Noël\\un chien à trois pattes\\sniffe la poubelle


Angelika Kolompar Renville |  Canada | Federal Express\\reaches me through the fog\\plumeria lei


Angelika Kolompar Renville |  Canada |    Federal Express\\   m'a trouvée dans le brouillard\\   collier de plumeria


Angelika Kolompar Renville |  Canada | Plumeria is a white and yellow flower and grows on trees in Hawaii and has a wonderful scent. The flowers are used to make the lei they wear like a necklace


Karyn Louryan  |  Belgique | jour amer ...\\cannelle girofle et muscade\\relèvent les chicons


 anna |  France | chaleur écrasante\\les girolles\\sous la mousse


Michel Duflo |  France | aube d'hiver -\\urgence absolue\\d'un second café


Bill Bilquin |  Belgique | matin de mars\\regarder vers l'est\\fukushima


Daniel Py |  France | une fesse après l'autre\\elle me précède\\gare Saint-Lazare


Angelika Kolompar Renville |  Canada | Cancer clinic visit\\a bald woman passes by\\with a smile\\visite à la clinique du cancer\\une femme chauve passe\\avec un sourire


Philippe Quinta |  France | le vent se lève -\\le tas de cendres chaudes\\se ranime


Damien Gabriels |  France | première neige -\\des traces de pas\\de poubelle à poubelle


Bill Bilquin |  Belgique | in the greyness\\the rosé bottle\\of the homeless ---


Bill Bilquin |  Belgique | dans la grisaille\\la bouteille de rosé\\du sans-abri


Daniel Py |  France | dimanche 7/1/7\\le couteau à cheval\\sur la fève


Martin Cohen |  USA | après la pluie une rue d'hiver pleine de lunes


Paul David Mena |  USA | huddled smokers --\\another conversation\\about The Cloud


Paul David Mena |  USA | fumeurs agglutinés --\\une autre conversation\\sur le Cloud


John McDonald |  Scotland (UK) | TROKE DAY -\\an airlie bang up\\fir the hameless chiel


John McDonald |  Scotland (UK) | SALES DAY -\\an early rise\\for the homeless man


John McDonald |  Scotland (UK) | JOUR DE VENTE -\\un lever anticipée\\pour le sans-abri


Dominique Champollion |  France | suivant le cercueil\\il lui raconte à l'oreille\\son dernier voyage


Sarra Masmoudi |  Tunisie | grand ciel sans fin~\\le nichoir vide


William Sorlien |  USA | between the drone\\of lawnmowers\\a scent of rain


William Sorlien |  USA | entre le bourdonnement\\des tondeuses\\une odeur de pluie


Sarra Masmoudi |  Tunisie | pluie de fin d'été~\\tous ces vieux objets\\dans la cave


Jimmy Poirier |  Canada | sur la terrasse\\mon café miroitant\\sucrer le ciel


Pascal Quero |  France | huit heures.\\trois quart lune, son halo\\d'hiver - rond encore


Isabel Asunsolo |  France | porte entrouverte -\\les guirlandes s'illuminent\\une seconde


André Cayrel |  France | plage naturiste.je sors de l'eau devant elle\\diminué par le froid


Mohamad Alsari |  Syria | La cour de la prison\\dans la flaque de la pluie\\la lune


Mark Holloway |  UK | demi-lune\\la glace craque\\sous les pas


Mark Holloway |  UK | the year's end\\all those graveyard names\\carved into the fog


Rob Flipse |  the Netherlands | soûl sur le perron\\de la fausse maison\\la clef en main


Rob Flipse |  the Netherlands | les jours rétrécissent\\la petaside desséchée\\n'est plus aussi grande


Sarra Masmoudi |  Tunisie | souks de la médina~\\dans chaque boutique\\le salut d'un chat


Paul David Mena |  USA | occupying Wall Street\\the ghosts\\of my retirement dreams


Paul David Mena |  USA | occupying Wall Street\\les fantômes\\de mes rêves de retraite


Lucia Supova |  Luxembourg | rideau à moitié\\meubles d'une chambre éclairée\\-- traits gris de la demi-lune


Gérard Dumon |  France | temps glacial\\le four libère l'odeur\\de chocolat


Guy Vanden Broeck |  Belgique | Sur le sol trempé\\des centaines de bogues -\\aucune étoile.


Robert Van Muylder |  Belgique | Bouton du gilet\\Petit bruit sur l'asphalte\\Lune si proche


William Sorlien |  USA | returning chill\\dissonate melodies\\from the ice cream truck


William Sorlien |  USA | retour du froid\\les mélodies dissonnantes\\du camion du marchand de glace


Paul David Mena |  USA | more rain --\\a mouse trapped\\between walls


Paul David Mena |  USA | encore la pluie --\\une souris prise au piège\\entre les murs


Eric Hellal |  France | sur la baigneuse\\un maillot à rayures\\- mer plate


Damien Gabriels |  France | toilettes de la plage -\\la chasse d'eau emporte\\le bruit des vagues


Marylène Lallemand |  France | avec un élève\\une heure à parler de "Cocteau"\\très loin des copies...


Marylène Lallemand |  France | with a student\\one hour talking\\about 'Cocteau'


Marylène Lallemand |  France | so far from exams...


John McDonald |  Scotland (UK) | indian simmer -\\bummers'\\lang sheddaes


John McDonald |  Scotland (UK) | indian summer -\\bees'\\long shadows


John McDonald |  Scotland (UK) | été indien -\\des abeilles\\les ombres longues


David Serjeant |  UK | recycled\\with each bottle\\the same resolution


David Serjeant |  UK | recyclée\\avec chaque bouteille\\la même résolution


Sarra Masmoudi |  Tunisie | l'odeur de pain\\emplit la bourgade~\\lune de l'aube


Angelika Kolompar Renville |  Canada | I check the calendar\\to see if this is a special day --\\International Women's Day


Angelika Kolompar Renville |  Canada | je regarde au calendrier\\pour voir si c'est un jour spécial --\\Journée Internationale des Femmes


Paul David Mena |  USA | in the hollow stump\\of the old tree\\wild poppies bloom


Paul David Mena |  USA | dans la souche creuse\\du vieil arbre\\des coquelicots en fleurs


Paul David Mena |  USA | first thaw -\\someone should have warned\\the daffodils


Paul David Mena |  USA | premier dégel -\\quelqu'un aurait du prévenir\\les jonquilles


Lucia Supova |  Luxembourg | ce soir dans la rue\\un parfum du chocolat\\noir


Paul David Mena |  USA | ghost town -- \\a rooster crows\\for no reason at all


Paul David Mena |  USA | ville fantôme --\\un coq chante\\sans aucune raison


Eric Hellal |  France | Shell, Exxon, BP\\chacune marque\\son territoire


Mark Holloway |  UK | between downpours\\orchestral swell through\\a half open window


Mark Holloway |  UK | (entre les averses\\le va-et-vient de l'orchestre par\\la fenêtre à demi-ouverte)


Mark Holloway |  UK | shadows. a window ledge\\just big enough to hold\\two doves


Mark Holloway |  UK | ombres. un rebord de fenêtre\\juste assez grand pour abriter\\deux colombes


Vincent Hoarau |  France | dernier jour de l'an ~\\dans un rayon de soleil\\la poussière des livres


Angelika Kolompar Renville |  Canada | feelings of joy\\float in and out\\red seaweed


Philippe Bréham |  France | parc en hiver\\le manège illuminé tourne\\sans enfants


Paul David Mena |  USA | long weekend over\\let the requiem\\begin


Paul David Mena |  USA | fin d'un long week-end\\que le requiem\\commence


André Cayrel |  France | culte de la tradition\\et des criminels de guerre\\- cerisiers en fleurs


Eric Hellal |  France | dans la citrouille \\à la place de la bougie \\une lampe à diode


Philippe Quinta |  France | première flambée -\\dehors, le dernier voyage\\d'un canadair


Jean-Claude César |  France | Intifada-\\d'un côté les cravates\\de l'autre les Nike


Mohamad Alsari |  Syria | La voix du bombardement se lève-\\du haut de la cascade\\la lune tombe


Philippe Quinta |  France | quelqu'un marche\\autour de la maison -\\pluie de printemps


Emilie Moineau |  France | zébrures dans l'espace\\le store se coule dans la rue\\par une fenêtre


John Wisdom |  USA | morning mist\\green tips of onions\\cracking the soil


John Wisdom |  USA | brouillard du matin\\des pousses vertes d'oignons\\crevassent le sol


Robert Van Muylder |  Belgique | pain beurré -\\le boulanger enfin\\assis


Mark Holloway |  UK | in the walled garden\\the scent\\of decaying apples


Mark Holloway |  UK | dans le jardin clos\\l'odeur\\des pommes en décomposition


Jean-Claude César |  France | Matin d'hiver-\\le zizi du jardinier\\tout rabougri...


Danièle Duteil |  France | risque de fusion -\\sur mes doigts l'odeur\\des immortelles de mer


Paul David Mena |  USA | snow day --\\more white than I remember\\in my beard


Paul David Mena |  USA | jours de neige --\\plus de blanc que je ne croyais\\dans ma barbe


Paul David Mena |  USA | a true wonder of the world --\\how she fills\\her Grand Canyon t-shirt


Paul David Mena |  USA | une vraie merveille du monde --\\comment elle remplit\\son T-shirt Grand Canyon


Serge Tomé |  Belgique | la pelle mécanique\\dans le pré\\efface le ciel


Michel Duflo |  France | thé de l’aube –\\un bruit de moteur croît\\puis décroît


Vincent Hoarau |  France | veille d'élection -\\les chasseurs et leurs chiens\\quelque part dans les bois


 Bikko |  France | thé à la menthe\\sur l’eau la pleine lune\\à peine voilée


Ben Coudert |  France | retour en banlieue -\\sous le lit de feue ma mère\\tout un stock de morphine


Marcel Peltier |  Belgique | poussière grise\\sur la cheminée de marbre -\\et ta photo


Bruno Robert |  France | escalier A\\quatre à quatre son parfum\\n°5


 Bikko |  France | milieu de nuit\\le biseau de l'aiguille\\trouve la veine


Paul David Mena |  USA | end of summer --\\watching the Dow\\fall


Paul David Mena |  USA | fin d'été --\\j'observe le Dow (Jones)\\tomber


Eric Hellal |  France | Gold Beach\\un tag délavé\\sur le blockhaus


Paul David Mena |  USA | my daughter's graduation\\tightening the knot\\on my necktie


Paul David Mena |  USA | (remise de diplôme de ma fille\\je serre le noeud\\de ma cravate)


Jean-Claude César |  France | Intifada-\\un léger retard\\pour le repas du soir


Philippe Quinta |  France | Saké de Kyoto\\dans le verre à téquila\\Fin d'automne


Vicky Ni Wayan |  Belgique | réveillon de l'an neuf-\\en ermite sous un édredon\\d'étoiles


Vincent Hoarau |  France | nuit de brouillard -\\les moutons\\ne s'en soucient guère


John McDonald |  Scotland (UK) | a cailleach cried Mary\\her bairn streekit on'r laup\\...weir memorial


John McDonald |  Scotland (UK) | an old lady called Mary\\her child streatched on her lap\\...war memorial


John McDonald |  Scotland (UK) | une vieille dame appelée Mary\\son enfant étendu sur ses genoux\\... mémorial de guerre


Carol Raisfeld |  USA | thunder\\slate sky\\crocus peeking


Carol Raisfeld |  USA | tonnerre\\ciel d'ardoise\\crocus naissants


Jean Ruaud |  France | Parc des Buttes Chaumont\\un homme tout seul\\et le crachin


Jean Ruaud |  France | Parc des Buttes Chaumont\\a man alone\\and drizzle


Jeremiah Burlington |  France | Seul dans ma nuit\\souvenir des lampions\\de mon enfance


Damien Gabriels |  France | silence de l'aube ~\\un peu de  vapeur s'élève\\de mon bol


Karyn Louryan  |  Belgique | bouche gourmande...\\qui se souvient que la cerise\\a été une fleur?


Carol Raisfeld |  USA | winter solstice\\candle too short\\for lingering night


Carol Raisfeld |  USA | solstice d'hiver\\la chandelle trop courte\\pour la longue nuit


Damien Gabriels |  France | gîte de vacances -\\le battement des secondes\\au coeur de la nuit


Paul David Mena |  USA | my daughter's birthday --\\a child's balloon\\above the clouds


Paul David Mena |  USA | l'anniversaire de ma fille --\\un ballon d'enfant\\au dessus des nuages


 Bikko |  France | midi du jour 8 ~\\les sirènes ne font pas\\taire les oiseaux


Micheline Beaudry |  Canada | août déclinant\\la stridulation du criquet\\huasse d'un ton


Jean-Claude César |  France | Couleurs printanières-\\devant l'étalage des soutien-gorge\\le photographe hésite


Philippe Quinta |  France | peut-elle quelque chose\\contre la guerre\\la Nigelle de Damas


Mohamad Alsari |  Syria | Retour à la maison\\l'ombre de la clé est devant moi\\pour ouvrir la porte


Angèle Lux |  Canada | bourrasques glacées --\\le fossoyeur creuse une tombe\\au marteau-piqueur


Damien Gabriels |  France | matinée sans fin -\\je ressasse l'amertume\\de mon café noir


Israel Balan |  Mexico | dogs barking\\perhaps I was a cat\\in other life


Israel Balan |  Mexico | des chiens aboient\\peut-être ai-je été un chat\\dans une autre vie


Daniel Py |  France | deux dames d'un certain âge\\parlent soutien-gorge\\- train de mai


Philippe Quinta |  France | Demi-lune au ciel/J'attaque dans mon assiette/Un demi-melon


Karyn Louryan  |  Belgique | temps à l'orage ~\\par à coup les effluves\\du sureau


Isabel Asunsolo |  France | novembre \\le couteau heurte le vide \\de la meringue


Marcel Peltier |  Belgique | din el ru\\au p'tit matin\\ène boît de conserv\\chahut


Marcel Peltier |  Belgique | dans la rue\\au petit matin\\une boîte de conserve\\chahute


Dorothy Howard (zeni b) |  Canada | l'imprimante crache\\le phénix millénaire--\\une autre feuille


Jean-Claude César |  France | jour d'hiver -\\des montres luxueuses\\à un prix abordable


Paul David Mena |  USA | blizzard warning --\\wishing I hadn't seen\\that black cat


Paul David Mena |  USA | avis de blizzard --\\je voudrais ne pas avoir vu\\ce chat noir


Paul David Mena |  USA | crowded train --\\the drunk offers me his seat\\for five dollars


Paul David Mena |  USA | train encombré --\\un homme saoûl m'offre sa place\\pour cinq dollars


John McDonald |  Scotland (UK) | nicht puil -\\fush hove\\tae crottles o sterns


John McDonald |  Scotland (UK) | night pool -\\fish rise\\to crumbs of stars


John McDonald |  Scotland (UK) | (étang la nuit -\\montée de poisson\\jusqu'aux miettes d'étoiles


Gérard Maréchal |  France | aube de pluie --\\la blancheur du merisier\\habille le sol


Robert Van Muylder |  Belgique | à table\\elle émiette le pain –\\l’œil du merle


Monique Junchat |  France | Mistral de mai\\accrochée à la façade\\la cigale factice


John McDonald |  Scotland (UK) | alang wi voar\\her herr\\growein back agane


John McDonald |  Scotland (UK) | along with spring\\her hair\\growing back again


John McDonald |  Scotland (UK) | avec le printemps\\ses cheveux\\recommencent à pousser


Paul David Mena |  USA | stock market report --\\a stalled car\\in the intersection


Paul David Mena |  USA | état de la bourse --\\une auto a calé\\dans le carrefour


Ben Coudert |  France | foyer pour femmes battues -\\sur son corps\\cinquante nuances de bleu


Daniel Py |  France | prise dans la Moselle\\une bouteille\\le cul en l'air


Karyn Louryan  |  Belgique | courants d’air\\ses joues rougies\\par le saké chaud


Angelika Kolompar Renville |  Canada | Through the  pulp mill smoke\\A long red line is showing --\\Start of a sunrise


Angelika Kolompar Renville |  Canada | Au travers de la fumée de la papeterie\\Une longue ligne rouge apparait --\\Début d'un lever de soleil


Jacques Quach |  France | nuée d’orage\\l’éclair blanc\\d’une mouette


Magda Dhainaut |  France | sur le carrelage blanc\\elle semble encore plus grosse\\l'araignée du radiateur


Paul David Mena |  USA | thunderstorm --\\a late-night\\visitor


Paul David Mena |  USA | (orage --\\un visiteur\\de fin de nuit)


David Serjeant |  UK | chuntering at something\\the blackbird on the fence post\\- election day


David Serjeant |  UK | grommelant quelque chose\\le merle sur le poteau de clôture\\Jour de l'élection -


Damien Gabriels |  France | entre four et frigo\\trois abricots fripés\\peau contre peau


Sharon Rhutaseljones |  Africa | mid december \\candles line the window sill \\silent night


Sharon Rhutaseljones |  Africa | mi décembre\\l'alignement des bougies sur l'appui de fenêtre\\nuit silencieuse


Gérard Maréchal |  France | Café serré,\\sur la colline la brume\\efface la biche


Damien Gabriels |  France | nuit orageuse -\\le bourdonnement\\d'une moissonneuse


Israel Balan |  Mexico | sidewalk cafe\\on the empty seats\\fallen leaves


Israel Balan |  Mexico | café avec terrasse\\sur les chaises vides\\les feuilles mortes


Sarra Masmoudi |  Tunisie | salle d'attente du cardio~\\la guerre\\à portée de main


Paul David Mena |  USA | equinox --\\an 18-wheeler crossing\\the double yellow line


Paul David Mena |  USA | équinoxe --\\un dix-huit roues dépasse\\la double ligne blanche (jaune aux USA)


Angèle Lux |  Canada | solstice d'hiver\\des carrés de chocolat\\un à un


Angèle Lux |  Canada | winter solstice\\chocolate squares\\one by one


Paul David Mena |  USA | Dia de los Muertos --\\her elegant cheek bones


Paul David Mena |  USA | (Dia de los Muertos --\\les os élégants de ses joues)


Nicole Braham |  France | la lune de décembre\\masquée par les nuages\\j'allume ma veilleuse


William Sorlien |  USA | the tall corn's shadow\\stretched across the grave yard --\\coming of Autumn


André Cayrel |  France | marché de Lunel\\des culottes non conçues\\pour le froid


Mohamad Alsari |  Syria | De la tombe à l'autre\\une dernière feuille d'automne\\se déplace


Jean-Claude César |  France | Avant de se quitter\\disperser les braises -\\envol des lucioles


Damien Gabriels |  France | jardin zen -\\l'ombre du Bouddha de pierre\\a changé de place


Israel Balan |  Mexico | after the quake\\a leaf falls\\on the patio


Israel Balan |  Mexico | après le tremblement de terre\\une feuille tombe\\dans le patio


Angelika Kolompar Renville |  Canada | From the tidal pool\\Two crabs in an embrace\\Today's lunch


Angelika Kolompar Renville |  Canada | (Dans la flaque laissée par la marée\\Deux crabes dans une étreinte\\Le dîner d'aujourd'hui)


Sharon Rhutaseljones |  Africa | in spite of\\bombs and lies\\wildflowers


Sharon Rhutaseljones |  Africa | malgré\\les bombes et les mensonges\\les fleurs sauvages


Françoise Lonquety |  France | Le mur érigé -\\de la jungle de Calais\\plus aucun tam-tam


Valérie Baudet |  France | Lune d'octobre\\Un voile de cacao\\Sur la porcelaine


Michel Duflo |  France | tombes oubliées –\\leurs noms lus\\à voix haute


Paul David Mena |  USA | new moon --\\an abandoned car\\on lover's lane


Paul David Mena |  USA | nouvelle lune --\\une voiture abandonnée\\sur l'allée des amoureux


Paul David Mena |  USA | heat wave --\\the dog moves slowly\\from shadow to shadow


Paul David Mena |  USA | vague de chaleur --\\le chien se déplace lentement\\d'une ombre à l'autre


Abelhak  Moutachaoui Abdou |  Maroc | Jour de pluie-\\beau temps dans les yeux\\du chat


Daniel Py |  France | Pendant la Création\\de Haydn\\une araignée\\descend du cintre


Daniel Py |  France | Haydn's\\Creation --\\a spider\\down\\from the flies


William Sorlien |  USA | through autumn's dusk\\the computer wanes and hums\\one hundred crows


William Sorlien |  USA | dans le crépuscule d'automne\\le PC peine et ronronne\\une centaine de corneilles


Gérard Dumon |  France | matin calme\\juste le bruit d'une feuille\\que le vent roule


André Duhaime |  Canada | her famous blue haiku\\about her divorce\\and his cactus


André Duhaime |  Canada | son fameux haïku bleu\\à propos de son divorce\\et de son cactus


Paul David Mena |  USA | after the rain\\a light on in the basement\\of an empty house


Paul David Mena |  USA | après la pluie\\une lumière sur le trottoir\\d'une maison vide


Mark Holloway |  UK | icebleak\\no colour but the rail bridge\\graffiti


Mark Holloway |  UK | (blancheur de la neige\\pas de couleur autre que les graffiti\\du pont de chemin de fer)


 sprite |  England | mango flavoured tea\\in a silver tin - departing guests\\linger a while


 sprite |  England | thé à l'odeur de mangue\\dans un boite argentée - les invités qui partent\\s'attardent un peu


Danièle Duteil |  France | noces de laine\\les premières mites\\dans l'armoire


Ben Coudert |  France | passage du désir -\\j'y donnais souvent rendez-vous\\à ma mère


Lucia Supova |  Luxembourg | la rosée blanche\\sur les trèfles --\\la lune de jour


Paul David Mena |  USA | emptying the wine bottle -\\another conversation\\about Mom


Paul David Mena |  USA | je vide la bouteille de vin -\\une autre conversation\\à propos de Maman


Damien Gabriels |  France | matin de givre -\\l'ombre blanche\\des peupliers


Paul David Mena |  USA | troubled sleep --\\sparks\\from a high-tension wire


Paul David Mena |  USA | sommeil troublé --\\les étincelles\\d'un câble à haute-tension


Louis Nagara |  France | nothing more tiring\\than being tired of sleeping alone\\warm coffee


Louis Nagara |  France | rien de plus fatigant\\qu'être fatigué de dormir seul\\café chaud


Micheline Beaudry |  Canada | la sève\\coule à flanc d'érable\\gélivures


 sprite |  England | fridge magnet -\\snack after snack\\wasting away


 sprite |  England | (magnet sur le frigo --\\snack après snack \\dépérissant)


Damien Gabriels |  France | cour de l'école -\\les cases de la marelle\\blanches de sel


Paul David Mena |  USA | winter storm watch --\\beware of falling\\stock prices


Paul David Mena |  USA | surveillance des tempêtes d'automne --\\gare à la chute\\de la bourse


Serge Tomé |  Belgique | matin gris\\les nuages blancs\\de l'usine à papier


Damien Gabriels |  France | paillettes dorées\\aux joints du carrelage  -\\veille de Noël


Karyn Louryan  |  Belgique | un dernier sursaut\\de la flamme de la bougie\\— il neige à nouveau


Bill Bilquin |  Belgique | soir bleu\\les violettes\\invisibles


Bill Bilquin |  Belgique | blue night\\violets\\invisible


Damien Gabriels |  France | thé du soir -\\la flamme de l'allumette\\réveille les ombres


Carol Raisfeld |  USA | haiku conference --\\lecturer delivers address\\in three short sentences


Carol Raisfeld |  USA | conférence haïku --\\le lecteur donne l'adresse\\en trois courtes phrases


Pascal Quero |  France | Palais-Royal, nuit\\qui tombe - les arbres en rang\\des deux côtés


Israel Balan |  Mexico | warm winter day -\\the smell of\\a new book


Israel Balan |  Mexico | chaud jour d'hiver --\\l'odeur \\d'un nouveau livre


John McDonald |  Scotland (UK) | dung doon larach  -\\a buddleia\\sic douceness frae ruinage


John McDonald |  Scotland (UK) | derelict site  -\\a buddleia\\...such sweetness from ruins


Marlène Alexa |  Egypte | crépuscule\\d’un pin à l’autre\\les sons s’éteignent


Kunzeï Habashli |  France | Elle m'étouffait\\Cette robe noire\\Que je laisse choir


Ben Coudert |  France | musique de nuit -\\dans la fente du juke box\\une demi-lune


Damien Gabriels |  France | douceur du soir -\\le trait rose d'un avion\\effleure la lune


Pascal Quero |  France | marée basse -\\la maman parle au loin\\dans son portable


Gérard Maréchal |  France | L'envol d'un rapace ~\\au loin le son des canons\\déclencheurs d'avalanches


Vincent Hoarau |  France | avant la manif\\croquer à pleines dents\\dans une fraise rouge


Israel Balan |  Mexico | waiting for the bus -\\my shadow\\also changes postures


Israel Balan |  Mexico | attendant le bus --\\mon ombre\\aussi change de posture


Robert Van Muylder |  Belgique | par la fenêtre -\\un bleu comme ça\\pour nos fauteuils


Angelika Kolompar Renville |  Canada | Crunch, crunch, crunch\\stepping on fallen acorns\\this Autumn day


Paul David Mena |  USA | away on business --\\the restless cat\\on your side of the bed


Paul David Mena |  USA | partie pour affaire --\\le chat qui ne trouve pas sa place\\sur ton côté du lit


Isabel Asunsolo |  France | matin de brouillard...\\je lave à la main\\mon foulard blanc


Francis Tugayé |  France | Pénombre au jardin.\\A l'aube, seules apparaissent\\les fleurs du cerisier.


Francis Tugayé |  France | Darkness in garden.\\On daybreak only appear\\the cherry blossoms.


Francis Tugayé |  France | \\                   °        °\\         °  °         °            °    °\\°  °           °      °        °    °\\ °      °   °           °  °\\    °     °           °         °  °\\       °        °        °              °\\                                °


Lilas Ligier |  France | Jour d'hiver~\\mon ami sa prostate\\a changé son regard


Michel Duflo |  France | longues longues nuits d’automne –\\le voisin du deuxième\\et ses ennuis de prostate


Paul David Mena |  USA | snow turns to rain --\\the afterglow\\of the plow lights


Paul David Mena |  USA | la neige tourne en pluie --\\les dernières lueurs\\des feux de la charrue


Paul David Mena |  USA | going out of business — \\the naked mannequin’s \\Mardi Gras beads


Paul David Mena |  USA | dehors pour affaires --\\du mannequin nu\\les perles de Canaval


Vincent Hoarau |  France | vendredi noir -\\la lente dégringolade\\d'une feuille morte


Mohamad Alsari |  Syria | La ville est dévastée.\\L'ombre d'un dictateur.\\Dans la mosquée.


Magda Dhainaut |  France | café, pain grillé\\et posée sur le plateau\\une rose jaune


Magda Dhainaut |  France | coffee, toast\\and on the tray\\a yellow rose


Sarra Masmoudi |  Tunisie | foule au souk\\les abricots en cageots\\suffoquent


Angelika Kolompar Renville |  Canada | He looks at her\\underlying chill in the air\\smell of rain


Angelika Kolompar Renville |  Canada | (Il la regarde\\fraïcheur de l'air\\odeur de pluie)


Philippe Quinta |  France | Fin d'après midi\\Dans l'ancestral four à pain\\Un lit blanc de cendres


Karyn Louryan  |  Belgique | ah cet instant\\où le jour se fane\\— nouvelle lune


Gilles Brulet |  France | Un peu de son temps\\Avec moi\\Le piéride


Damien Gabriels |  France | averse de neige -\\les mannequins de la vitrine\\en robes d'été


Paul David Mena |  USA | first snow --\\an almost\\perfect shave


Paul David Mena |  USA | première neige --\\un rasage\\presque parfait


Angelika Kolompar Renville |  Canada | Dark August sky\\the moon an orange egg --\\her shadow trailing


Angelika Kolompar Renville |  Canada | Sombre ciel d'août\\la lune un oeuf orange --\\son ombre (à elle) trainant


Danièle Duteil |  France | jours plus courts \\elle recouvre son visage \\de crème antirides


Iocasta Huppen |  Belgique | Lendemain de fête\\dans un coin de la chambre flotte\\le parfum de sa robe


Vincent Hoarau |  France | neige sur la ville -\\l'impression de toujours marcher\\à contre-courant


André Cayrel |  France | printemps en ville \\les jeunes pousses\\des jeunes filles


Karyn Louryan  |  Belgique | une année de plus...\\et des années de livres\\sur les étagères


Martin Cohen |  USA | marsh wren's cry\\the sun ripples onto the mud


Martin Cohen |  USA | cri du roitelet des marais\\le soleil ondule sur la boue


Carole MacRury |  USA | the owl's whoo\\unanswered\\this autumn night


Carole MacRury |  USA | l'houhou de la chouette\\sans réponse\\cette nuit d'automne


Sarra Masmoudi |  Tunisie | matin gris\\mais cet oeuf\\dans la poêle


Francis Tugayé |  France | Go-ban en bois d'if.\\Les pierres de nacre et de schiste\\aux ombres semblables.


Carole MacRury |  USA | early dawn...\\I watch the New Year\\spill down the mountain


Carole MacRury |  USA | pointe du jour...\\j'observe la nouvelle année\\couler de la montagne


Damien Gabriels |  France | dans mon demi-sommeil\\le chant du coq\\pour la troisième fois


Nicolas Lemarin |  France | Théière brisée\\la mémoire des tanins\\rejoint la poubelle


Philippe Quinta |  France | amer\\le premier café de l'an -\\bombes à Gaza


Sarra Masmoudi |  Tunisie | matin de juillet-\\le coton parade\\dans le ciel bleu


Janick Belleau |  Canada | d'un automne à l'autre\\tant de feuilles à ramasser\\le rateau plus lent


Louis Nagara |  France | quai de métro \\le mendiant ronfle\\sa bouteille tient debout


Brian Austin Darnell |  USA | worn in places\\to the bare wood –\\the golden buddha


Brian Austin Darnell |  USA | abimé par endroits\\jusqu'au bois –\\le bouddha doré


Damien Gabriels |  France | dernier matin d'août -\\le bleu lagon\\de mon gel de rasage


Serge Tomé |  Belgique | nuit d'automne --\\la bête a crié longtemps\\dans le jardin


Serge Tomé |  Belgique | autumn night --\\the animal cried a long time\\in the garden


John McDonald |  Scotland (UK) | zip\\o a kingfeesher\\haar steekin ahint it


John McDonald |  Scotland (UK) | zip\\of a kingfisher\\mist closing behind it


Israel Balan |  Mexico | windless day -\\a man whistling\\on the street


Israel Balan |  Mexico | jour sans vent --\\un homme sifflote\\dans la rue


Denise Therriault-Ruest |  Canada | un gin bien chaud\\avec un zeste de citron\\vent de tempête


Michel Duflo |  France | toujours là le chat\\oublié par ma voisine\\morte


Louis Nagara |  France | premier jour d'automne \\le soleil frappe au carreau \\une dernière fois


Eric Hellal |  France | audiogramme -\\à toutes les fréquences\\le bruit de la pluie


Jimmy Poirier |  Canada | corvée au jardin\\soulever dans un seau\\l'eau et le ciel


André Cayrel |  France | paon de Maguelone\\ses plumes bleu outremer\\entre mer et ciel


Serge Tomé |  Belgique | back porch\\laughter echoes\\between claps of thunder


Serge Tomé |  Belgique | galerie à l'arrière de la maison\\des éclats de rire\\entre les coups de tonnerre


Damien Gabriels |  France | devant mon balai\\les pétales de cerisier\\fuient en tous sens


Sharon Rhutaseljones |  Africa | cloudless sky\\a red kite \\fades into the distance


Sharon Rhutaseljones |  Africa | ciel sans nuage\\un cerf-volant rouge\\se perd dans le lointain


 cl.gd |  France | faim de vie\\les petits de Gaza\\n'oublieront pas


William Sorlien |  USA | garage sale\\customers discuss\\philosophy 


William Sorlien |  USA | vente de garage\\les clients discutent\\philosophie


John Wisdom |  USA | long afternoon\\the occasional tapping\\of a screen door


John Wisdom |  USA | long après-midi\\de temps à autre le battement\\d'un moustiquaire


Sarra Masmoudi |  Tunisie | premiers frissons~\\j'enterre le chat\\dans ma robe d'été


John McDonald |  Scotland (UK) | daffins\\bress baund -\\voar concert


John McDonald |  Scotland (UK) | daffodils\\brass band -\\spring concert


John McDonald |  Scotland (UK) | (jonquilles\\fanfare -\\concert de printemps)


Angelika Kolompar Renville |  Canada | Pressed among pages\\of old dictionary\\a list of action verbs


Angelika Kolompar Renville |  Canada | Enserrée entre les pages\\d'un vieux dictionnaire\\une liste des verbes d'action


Vincent Hoarau |  France | suprématie blanche -\\le brouillard et la nuit\\se répandent


Abelhak  Moutachaoui Abdou |  Maroc | des petites mains froides-\\le bonhomme de neige sourit déjà


Jean-Paul Cresta |  France | Un sac\\au bras de la burka noire \\"Liberty Textile"


Damien Gabriels |  France | averse de grésil -\\la fleuriste rentre\\les bouquets de soleils


Christine Ourliac |  France | café du matin\\les fêlures au fond du bol -\\l'instant d'un regard


Pascal Quero |  France | à l'horizon\\la ligne jaune\\du colza


Philippe Quinta |  France | Seul dans la pénombre\\Dans l'âtre\\Les cendres froides


Micheline Beaudry |  Canada | chez l'antiquaire --\\au fond de l'armoire vide\\les rais du soleil


Damien Gabriels |  France | dans la césure\\d'un haïku d'automne\\la pluie sur les tuiles


Damien Gabriels |  France | carnet de haïkus -\\l'empreinte de mes pas\\dans la neige de mars


 sprite |  England | advanced Parkinsonism\\she wipes his dribbling saliva\\remembers his kisses


 sprite |  England | Parkinson avancé\\elle essuye sa salive qui coule\\se souvient de ses baisers


Isabelle Ypsilantis |  France | Début d'automne - \\Dans ses yeux le même bleu\\qu'autrefois


Angelika Kolompar Renville |  Canada | Last day of September\\bay and islands in fog\\aroma of coffee


Angelika Kolompar Renville |  Canada |    Dernier jour de septembre\\   la baie et les îles dans le brouillard\\   l'arôme du café


Angelika Kolompar Renville |  Canada | Hazy skies\\the cedars less dark\\this Summer day


Angelika Kolompar Renville |  Canada | Ciels brumeux\\les cèdres moins sombres\\ce jour d'été


John McDonald |  Scotland (UK) | fou lenten muin -\\efter the nicht\\...festin


John McDonald |  Scotland (UK) | full lenten moon -\\after tonight\\...fasting


John McDonald |  Scotland (UK) | pleine lune de printemps -\\après la nuit\\...jeûner


Carol Raisfeld |  USA | never in darkness\\ground zero lights the night\\New Year's Eve


Carol Raisfeld |  USA | jamais dans le noir\\les lumières de ground zero\\la nuit du nouvel an


Carol Raisfeld |  USA | haiku moment --\\she writes her number\\on his napkin


Carol Raisfeld |  USA | l'instant haïku --\\elle écrit son téléphone\\sur sa serviette


Vicky Ni Wayan |  Belgique | lune d'hiver~\\le goût légèrement sucrée\\de la betterave


David Serjeant |  UK | lazy rain\\the solitary blackbird's\\dawn chorus


David Serjeant |  UK | pluie douce\\du merle solitaire\\le choeur de l'aube


 sprite |  England | old barn --\\the swallows' nests\\long abandonned


 sprite |  England | vieille grange -\\abandonnés depuis longtemps\\les nids d'hirondelles


André Cayrel |  France | touristes en Provence\\retrouvant dans les lavandes\\l'odeur des WC


Isabel Asunsolo |  France | 4 février -\\sur le muret plus longtemps\\la merlette


John McDonald |  Scotland (UK) | coortin kipple\\a coffee atween thaim -\\stame heavin


John McDonald |  Scotland (UK) | young lovers\\a coffee between them -\\steam rising


John McDonald |  Scotland (UK) | (jeunes amoureux\\un café entre eux -\\la fumée monte)


Denise Dudon |  France | la page s'assombrit\\inexorablement\\avec le crépuscule


Geneviève Fillion |  Canada | parmi les décombres\\plus belles que jamais\\les fleurs de cerisier


Philippe Quinta |  France | La fenêtre ouverte/Le parfum de ma voisine/dans mon lit


Israel Balan |  Mexico | empty room -\\the shadows of nails\\on the walls


Israel Balan |  Mexico | chambre vide -\\les ombres des clous\\sur les murs


Christian Cosberg |  France | soudain\\au bord de l'inconnue\\ce parfum d'autrefois


Sarra Masmoudi |  Tunisie | ah ce jour d'été\\où me prit soudain une envie\\de loukoum !


Robert Van Muylder |  Belgique | Marée basse\\Oiseaux de nuit repartis\\Chips sur le tapis


Angelika Kolompar Renville |  Canada | The curved cheek\\of the young monk\\sunlight on the bay


Angelika Kolompar Renville |  Canada | La joue courbe\\du jeune moine\\soleil sur la baie


Angelika Kolompar Renville |  Canada | Hovering grey sky\\a small crack in the thick clouds\\fishing boats come in


Angelika Kolompar Renville |  Canada | un ciel gris plane\\une petite fissure dans les nuages épais\\les bateaux de pêche rentrent


Mark Holloway |  UK | day break\\half a pale blue\\egg shell


John McDonald |  Scotland (UK) | he feeds's fruit treen\\bluid'n bane\\...reid reid aipples


John McDonald |  Scotland (UK) | he feeds his fruit trees\\blood and bone\\...red red apples


John McDonald |  Scotland (UK) | il nourrit ses arbres fruitiers\\de sang et d'os\\... rouges rouges les pommes


Carole MacRury |  USA | more rain -\\mildew colors\\the old roof


Carole MacRury |  USA |    plus de pluie --\\   la moisissure colore\\   le vieux toit


Philippe Quinta |  France | Un brin d'arrosage\\Demoiselles et papillons\\affolés


Brian Austin Darnell |  USA | late night\\with Ryokan –\\I warm the rice wine


Brian Austin Darnell |  USA | tard dans la nuit\\avec Ryokan -\\je réchauffe le vin de riz


Marie Jeanne Sakhinis-De Meis |  France | matin brumeux ~\\écalant un oeuf coque\\soudain le soleil


Paul David Mena |  USA | moonless night --\\an empty can\\of whipped cream


Paul David Mena |  USA | nuit sans lune --\\une canette vide\\de crème fouettée


Carol Raisfeld |  USA | day's end --\\a cloud of fireflies\\in the field


Carol Raisfeld |  USA | fin du jour --\\un nuage de lucioles\\dans le champ


Angelika Kolompar Renville |  Canada | At breakfast\\after first sip of coffee\\i notice a rainbow


Angelika Kolompar Renville |  Canada | Au petit déjeuner\\après la première gorgée de café\\je remarque l'arc-en-ciel


Bill Bilquin |  Belgique | regarder la lune\\bouger derrière le chêne\\vent d'été


Bill Bilquin |  Belgique | watching the moon\\moving behind the oak\\Summer wind


Paul David Mena |  USA | New London winter --\\the gleam of pleasure boats\\wrapped in plastic


Paul David Mena |  USA | hiver de New London ---\\le reflet des bateaux de loisir\\enveloppés de plastique


Louis Nagara |  France | un escargot s'aventure\\sur le bitume encore chaud\\orages de juin


André Cayrel |  France | bleu blanc douce\\les couleurs musulmanes\\des carreaux d'Iznik


Eric Hellal |  France | long arrêt du train -\\les 33 cl d'Amsterdam Maximator\\descendent


Israel Balan |  Mexico | night of stars -\\a white ball floats\\in the pool


Israel Balan |  Mexico | nuit d'étoiles --\\une ballon blanc flotte\\dans la piscine


Damien Gabriels |  France | premier café -\\la tache de couleur\\du  nouveau calendrier


Sarra Masmoudi |  Tunisie | soleil pâle~\\l'odeur du safran\\dans la paella


Coralie Berhault Creuzet  |  France | marée haute...\\elle retient\\un sanglot


Sarra Masmoudi |  Tunisie | jours courts~\\ma place au soleil\\dans la bibliothèque


Paul David Mena |  USA | winter rain --\\the dog and I\\exchange sighs


Paul David Mena |  USA | pluie d'hiver --\\le chien et moi\\échangeons des soupirs


Micheline Beaudry |  Canada | les feuilles rouges\\les premières à tomber\\un porto ce soir


Daniel Py |  France | feu d'artifices au loin\\près la pleine lune\\sur la mer


Brian Austin Darnell |  USA | after the burial –\\a day moon\\rising


Brian Austin Darnell |  USA | après l'enterrement –\\une lune de jour\\monte


Serge Tomé |  Belgique | regards ...\\par dessus la rivière\\le héron et moi


Serge Tomé |  Belgique | glances ...\\across the river\\the heron and me


William Sorlien |  USA | waiting for the moon\\before departing\\ducks on the roof


William Sorlien |  USA | attendant la lune\\avant de partir\\les canards sur le toit


Angelika Kolompar Renville |  Canada | visit to the old villa\\the scent of\\lost money


Angelika Kolompar Renville |  Canada | visite à l'ancienne villa\\l'odeur de\\l'argent perdu


Angelika Kolompar Renville |  Canada | On the table\\Apple blossom branches\\A new scent


Angelika Kolompar Renville |  Canada | Sur la table\\des branches de fleurs de pommier\\Une odeur nouvelle


Paul David Mena |  USA | between\\silent construction cranes\\the Milky Way


Paul David Mena |  USA | entre\\les grues de construction silencieuses\\la Voie Lactée


Philippe Quinta |  France | Heidegger en main\\un vieil homme déambule -\\fleurs de Magnolia


Damien Gabriels |  France | sous ma capuche\\la rumeur de la rue\\picotée de pluie


Sarra Masmoudi |  Tunisie | plage d'automne~\\l'acharnement des mouettes\\sur une carcasse


Damien Gabriels |  France | livre non massicoté -\\à petits coups de canif\\la fin de la phrase


Angelika Kolompar Renville |  Canada | Late Winter\\the yellow roses still  out\\soft feel of snow


Angelika Kolompar Renville |  Canada | (Fin d'hiver\\les roses jaunes encore sorties\\douce atmosphère de neige)


John McDonald |  Scotland (UK) | throuch gean flourish\\the weet -\\sterny plainstanes


John McDonald |  Scotland (UK) | through cherry blossom\\the rain -\\starry pavement 


John McDonald |  Scotland (UK) | à travers les fleurs de cerisiers\\la pluie -\\trottoir étoilé


Damien Gabriels |  France | premières mesures -\\le reflet des projecteurs\\sur les cordes du banjo


Damien Gabriels |  France | averse d'hiver -\\de ce dernier jour de l'an\\n'attendant plus rien


Carol Raisfeld |  USA | almost dawn . . .\\thoughts of you\\when we were us


Carol Raisfeld |  USA | bientôt l'aube . . . \\des souvenirs de toi\\quand nous étions nous


Paul David Mena |  USA | Holy Week --\\three bare trees\\against a gray sky


Paul David Mena |  USA | Semaine Sainte --\\trois arbres nus\\sur fond de ciel gris


John Wisdom |  USA | cold, foggy night—\\only the echo\\of a buoy's bell


John Wisdom |  USA | nuit froide, brumeuse—\\seulement l'écho\\d'une cloche de bouée


Philippe Quinta |  France | Vent de tempête -\\D'un gros saumon du pacifique\\j'attends le dégel


André Cayrel |  France | le jus coule\\des commissures jusqu'au cou\\- fille mûre


Bozena Bazin |  France | Des pyjamas noirs\\ébouriffés par le vent.\\Envol des corbeaux.


Julie Warther |  USA | back \\from the sea\\this familiar rain


Julie Warther |  USA | de retour\\de la mer\\cette pluie familière


Michel Duflo |  France | maison froide –\\le sachet de mort-aux-rats\\à moitié rongé


Ghayda Al-haj Hussen |  Syrie | sérieusement\\sur la fin du monde\\ces trois vieux disputent


Damien Gabriels |  France | dimanche des Rameaux -\\les fleurs blanches de l'orchidée\\que l'on croyait morte


Meryem Lahlou |  Maroc | une carotte\\tout ce qui reste\\du bonhomme de neige


Pascal Quero |  France | au creux de l'écluse,\\le bateau s'élève - dedans,\\une religieuse


Pascal Quero |  France | sentier désert\\plus aucun passage\\entre les orties


Julie Warther |  USA | new moon . . . \\the thud\\of a walnut


Julie Warther |  USA | nouvelle lune . . . \\le son mat\\d'une noix


Virginie Colpart |  France | morte de fatigue\\le bercement des pulls\\par le hublot


Angelika Kolompar Renville |  Canada | In this desert\\a memory of blue sea --\\shells in the sand


Angelika Kolompar Renville |  Canada |    Dans le désert\\   un souvenir de la mer bleue --\\   des coquilles dans le sable


Bill Bilquin |  Belgique | asleep\\a golden dot on her ear\\bus forty one


Bill Bilquin |  Belgique | elle dort\\un point en or sur son oreille\\bus quarante et un


Ben Coudert |  France | cage d'escalier -\\derrière le son des télés\\des sanglots


Gérard Dumon |  France | la bulle éclate\\faisant danser la lune -\\vieille mare.


Paul David Mena |  USA | Day of the Dead --\\walking into\\a strong perfume


Daniel Py |  France | Bar de nuit -\\sur son nez\\des petits brillants\\de sueur


Mark Holloway |  UK | on the brickwork graffiti, and marks that say ivy was here


Mark Holloway |  UK | sur la maçonnerie des graffitis, et des marques qui disent le lierre est passé par ici


Danièle Duteil |  France | encore la pluie\\le rire des enfants\\en plein coloriage


Paul David Mena |  USA | open house --\\the rushed paint strokes\\of the guest room


Paul David Mena |  USA | maison d'hôte --\\les coups de pinceaux baclés\\de la chambre d'hôte


Mark Holloway |  UK | plum blossom\\the haiku poet's mind . . .\\elsewhere


Mark Holloway |  UK | fleur de prunier\\l'esprit de haijin . . . \\ailleurs


Danièle Duteil |  France | soirée vin nouveau\\le vent souffle plus fort\\au retour


David Serjeant |  UK | restless -\\across the summer night\\siren upon siren


David Serjeant |  UK | continuellement -\\dans la nuit d'été\\sirène après sirène


Richard Breitner |  France | pleine lune\\le chat s'asseoit\\sur son ombre


Lucia Supova |  Luxembourg | lilas roux\\derrière la grille rouillée\\le chant d'enfant


John McDonald |  Scotland (UK) | rememberance preaching-\\oot frae the lown\\a bairn's greet


John McDonald |  Scotland (UK) | rememberance service -\\out of the silence\\a baby's cry


John McDonald |  Scotland (UK) | service funèbre -\\dans le silence\\le pleur d'un bébé


Carol Raisfeld |  USA | dying afternoon light\\the doctor touches her\\uncombed hair


Carol Raisfeld |  USA | (lumière du jour qui meurt\\le docteur touche ses\\cheveux défaits)


Magda Dhainaut |  France | Bâtons d'encens brisés\\au fond de la boîte\\plein de petits morceaux


Philippe Quinta |  France | Petite pluie fine\\Dans la benne aux encombrants\\des jouets meurtris


Louis Nagara |  France | triste sourire\\la raie du clodo qui dort\\sur le quai du métro


Danièle Duteil |  France | haïku faisant\\incision\\indolore


Carol Raisfeld |  USA | sudden hail--\\we sip bitter coffee\\rehashing last night


Carol Raisfeld |  USA | grêle soudaine --\\nous buvons un café amer\\en resassant la nuit dernière


Lucia Supova |  Luxembourg | 5 heures du matin\\derrière la buée du souffle\\ceinture de l'Orion


Vincent Hoarau |  France | prémices du printemps -\\un peu d'huile versée\\sur les gonds du portail


Janick Belleau |  Canada | goélands \\picorant sur l'ïle \\en route vers le travail


Paul David Mena |  USA | starless night --\\the deep croak\\of a bullfrog


Paul David Mena |  USA | nuit sans étoiles --\\le croassement sourd\\du crapaud


Marie Jeanne Sakhinis-De Meis |  France | dernières lumières\\à l'aube du nouvel an,\\une bougie de plus


Micheline Beaudry |  Canada | il prolonge\\la soufflerie de l'ordinateur\\le grillon


Daniel Py |  France | Orage de septembre\\Collé contre ton dos\\en chien de fusil


Israel Balan |  Mexico | spring break -\\colorful tents\\in the desert


Israel Balan |  Mexico | vacances de printemps --\\des tentes pleines de coleurs\\dans le désert


André Cayrel |  France | blottis tout l’hiver\\les décolletés blancs\\tremblotent enfin


Philippe Quinta |  France | restes de vin aigre\\dans le fond des verres\\brume matinale


Lucia Supova |  Luxembourg | soleil derrière le nuage\\une petite citrouille chaude\\dans ma paume


Louis Nagara |  France | triste sandwich\\tombé d'une machine\\sans âme


John McDonald |  Scotland (UK) | nicht fushin -\\quarter muin's\\siller preen


John McDonald |  Scotland (UK) | night fishing -\\crescent moon's\\silver hook


John McDonald |  Scotland (UK) | pêche de nuit -\\du croissant de lune\\l'hameçon d'argent


Vincent Hoarau |  France | nuit d'équinoxe -\\la couverture un peu plus haut\\sur ses jambes


Mark Holloway |  UK | still life -\\at the lake's edge a tree's reflection\\caught in the ice


Mark Holloway |  UK | nature morte -\\sur le bord du lac le reflet d'un arbre\\pris dans la glace


Lucia Supova |  Luxembourg | corneille rieuse\\au-dessus des rires et des pleurs\\des pique-niqueurs


Daniel Py |  France | deux heures du matin\\un tout petit insecte\\traverse la page neuf


John McDonald |  Scotland (UK) | brennin his auld lair -\\reek's thrawins\\o luve an daith


John McDonald |  Scotland (UK) | burning his old bed -\\smoke's writhings\\of love and death


John McDonald |  Scotland (UK) | brûlant son vieux lit\\les contorsions de la fumée\\d'amour et de mort


Damien Gabriels |  France | cimetière militaire -\\le vent effiloche drapeaux\\et cerisiers roses


Mark Holloway |  UK | frost burn\\high windows blaze\\with sunlight


Mark Holloway |  UK | brûlure de gel\\les hautes fenêtres flambent\\avec le soleil


Angelika Kolompar Renville |  Canada | On this dark grey day\\my thoughts wander to a pair\\of  blue irises


Angelika Kolompar Renville |  Canada | En ce jour sombre et gris\\mes pensées vagabondent vers une paire\\d'iris bleus


Gérard Dumon |  France | infos du matin\\la poule m'informe\\qu'elle a pondu


Paul David Mena |  USA | domestic terrorism --\\winter moths\\at the door


Paul David Mena |  USA | terrorisme local --\\des phalènes brumeuses\\sur la porte


Louis Nagara |  France | thé glacé ou chaud \\j'hésite\\dernier jour d'août


Paul David Mena |  USA | lazy midtown morning -\\another layer of paint\\on the rusty fire escape


Damien Gabriels |  France | Halloween -\\une trace de sang\\au col de ma chemise


Sarra Masmoudi |  Tunisie | la niqabée quitte le salon de beauté~\\lune noire


Paul David Mena |  USA | gibbous moon --\\she's not telling\\the whole truth


Paul David Mena |  USA | lune gibbeuse --\\elle ne raconte pas\\toute la vérité


Damien Gabriels |  France | du nuage\\à l'avion\\le fil déroulé


Paul David Mena |  USA | new photos\\of my granddaughter --\\crocuses in bloom


Paul David Mena |  USA | nouvelles photos\\de ma petite-fille --\\crocus en fleurs


Daniel Py |  France | petit concert de voitures\\le matin\\pour se mettre en route


Israel Balan |  Mexico | a line of traffic lights\\change from red to green\\summer full moon


Israel Balan |  Mexico | (une enfilade de feux de signalisation\\change du rouge au vert\\pleine lune d'été)


Allal Taleb |  Belgique | spleen printanier\\le béton plus gris encore\\sous la pluie battante


Angèle Lux |  Canada | phase terminale\\près du lit une infirmière\\lit un conte de fées.


Angèle Lux |  Canada | terminal illness\\by the bedside a young nurse\\reads a fairytale


Vincent Hoarau |  France | toute la nuit\\dans les yeux d'un loir\\mort au petit matin


Damien Gabriels |  France | chemin de halage -\\deux cyclos sur le petit braquet\\parlent du Ventoux


Françoise Gabriel |  Belgique | jour de la Toussaint-\\l'éclat d'un sac rose vif\\près des tombes sombres


Iocasta Huppen |  Belgique | Première neige -\\écrire de la poésie\\tard dans la nuit


Christophe Jubien |  France | Monde impie -\\la fillette a lancé\\son cri suraigu


Allal Taleb |  Belgique | rupture de stock\\plus de savon d'Alep\\sur les étalages


William Sorlien |  USA | cicada song\\all through the twilight --\\the moon also rises


Paul David Mena |  USA | after the conference\\pigeons feasting\\on crumbs


Paul David Mena |  USA | après la conférence\\les pigeons font la fête\\avec les miettes


Lamis Hassoum |  Liban | Froidement\\Il brûle la canne de son père\\pour se réchauffer


Sarra Masmoudi |  Tunisie | heure de la sieste~\\dans la rue se pressent une niquabée*\\et son ombre


Israel Balan |  Mexico | crowded bus\\every passenger breathes\\the same autumn


Israel Balan |  Mexico | bus encombré\\chaque passager respire\\le même automne


Denise Dudon |  France | par ce vasistas\\le soleil ne passait plus\\depuis longtemps


Carole MacRury |  USA | overcast day. . .\\even the poppies\\stay curled up


Carole MacRury |  USA | jour couvert. . . \\même les coquelicots\\restent recroquevillés


Philippe Quinta |  France | Café du matin\\lues du bout des doigts\\les infos du jour


Paul David Mena |  USA | end of the road --\\three big dogs\\with nothing to do


Paul David Mena |  USA | fin de la route --\\trois gros chiens\\avec rien à faire


Julie Warther |  USA | poetry workshop --\\men compare\\fountain pens


Julie Warther |  USA | atelier de poésie --\\les hommes comparent\\leurs stylos


Israel Balan |  Mexico | trash can -\\flies\\and shadows of flies


Israel Balan |  Mexico | poubelle --\\des mouches\\et les ombres des mouches


Daniel Py |  France | haïkus de Bashô\\des grains de sable\\sous le stylo


Paul David Mena |  USA | Golden Globes --\\the plunging necklines


Lucia Supova |  Luxembourg | l'orage ce matin\\un demi-cercle parfait\\du rosier en fleurs


Sarra Masmoudi |  Tunisie | lune voilée~\\si brillants les yeux\\du chat mort


Jean-Paul Cresta |  France | Les étals fermés, \\ils font leurs courses \\dans les déchets


Mohamad Alsari |  Syria | Retour à la maison\\la chaise de ma grand-mère morte\\se balance sur la terrasse


Kunzeï Habashli |  France | Soirée de décembre\\L'amant pressé\\Ne voit pas la neige


Marcel Peltier |  Belgique | perruque blonde - un petit sourire d'après chimio


William Sorlien |  USA | she's found the gate\\in the wall of willows\\sunlight of spring


William Sorlien |  USA | elle a trouvé la porte\\dans le mur des saules\\soleil de printemps


Damien Gabriels |  France | claquement\\des capsules de l'euphorbe -\\l'après-midi lente


Daniel Py |  France | la poétesse\\partie, restent les haïkus\\et la tasse froide


Danièle Duteil |  France | matin blanc\\loin là-bas des hôpitaux\\bombardés


Carol Raisfeld |  USA | Saturday night\\the sound of weeping\\seeps from the wall


Carol Raisfeld |  USA | nuit du samedi\\le bruit des larmes\\filtre à travers le mur


Karyn Louryan  |  Belgique | au fond de la malle\\son vieux pinceau à poudrer\\— matin de givre


Damien Gabriels |  France | clapotis au bas\\de l'escalier du quai\\- une odeur de pisse


Louis Nagara |  France | à l'autre bout du monde\\sur la vitre du train\\la course des gouttes de pluie


Micheline Beaudry |  Canada | arrêt d’autobus\\chemins de sable à droite\\s’enliser vers où ?


Carol Raisfeld |  USA | her Sunday dress\\the color of bruises\\merging


Carol Raisfeld |  USA | (sa robe du dimanche\\la couleur des coups\\s'y mêle)


William Sorlien |  USA | strong wind, little snow --\\scraps and notes I've neglected\\to throw away


Micheline Beaudry |  Canada | le homard du dessus\\avec ses yeux en forme de boutons\\me fixe


Mark Holloway |  UK | forget-me-nots\\our white dog shakes off\\pale blue stars


Israel Balan |  Mexico | open window\\the sound of rain\\interrupts my dream


Israel Balan |  Mexico | fenêtre ouverte\\le bruit de la pluie\\interrompt mon rêve


Nicholas David Klacsanzky  |  Ukraine | death anniversary—\\a curl of incense smoke\\stuck on the ceiling


Nicholas David Klacsanzky  |  Ukraine | anniversaire de décès—\\une volute de fumée d'encens\\contre le plafond


Mark Holloway |  UK | a cut glass bowl\\holds the shells of our summers\\this life in exile


Mark Holloway |  UK | un bol en verre taillé\\avec les coquillages de nos étés\\cette vie en exil


William Sorlien |  USA | rabbit and the hawk -\\an awful truth stains\\the fresh snow red


William Sorlien |  USA | le lapin et le faucon --\\une affreuse vérité tache\\de rouge la neige fraîche


Carole MacRury |  USA | spring tea—\\through bone china\\her thin hand


Carole MacRury |  USA | thé de printemps—\\au travers de la porcelaine\\sa main fine


Gérard Dumon |  France | alerte météo\\derrière les volets clos\\un escargot


Ben Coudert |  France | les volets ouverts\\une part d'ombre subsiste\\dans la chambre vide


Daniel Py |  France | Jardin sec  (*)\\les traces du couteau\\dans le beurre


Israel Balan |  Mexico | Valentine's day -\\the heart balloon\\don't enters the taxi


Israel Balan |  Mexico | Saint-Valentin --\\le ballon en forme de coeur\\ne rentre pas dans le taxi


Claude-Marie Durix |  France | la maison se vide\\deux chaises vêtues de rouge\\discutent de leur sort


Paul David Mena |  USA | overcast --\\just one more game\\of solitaire


Paul David Mena |  USA | ciel couvert --\\juste encore un jeu\\de solitaire


Paul David Mena |  USA | footprints in the snow\\words\\I can't take back


Paul David Mena |  USA | empreintes dans la neige\\des mots\\que je ne peux reprendre


Daniel Py |  France | le faîte de l'arbre\\chatouille le nez\\du grand Bouddha


Danièle Duteil |  France | Toussaint\\le cercle de famille s'élargit\\sous le marbre


Christophe Jubien |  France | Crise mondiale -\\deux vieilles carpes\\affleurent.


Robert Van Muylder |  Belgique | Feuilles d'automne\\Devant la bibliothèque


Robert Van Muylder |  Belgique | Fermé le jeudi


Robert Van Muylder |  Belgique | \\   Autumn leaves\\   behind the library


Robert Van Muylder |  Belgique |    Closed on Thursday


Ben Coudert |  France | nuit d'automne -\\le murmure effervescent\\de l'aspirine


Francis Tugayé |  France | Effluves d'été.\\Dans l'herbe jaune ondoie l'ombre\\du frêne immobile.


Marlène Alexa |  Egypte | nuit sans étoiles\\dans l'âtre\\des étincelles


Serge Tomé |  Belgique | embouteillage\\très haut dans le ciel\\un héron passe


Serge Tomé |  Belgique | traffic jam\\high in the sky\\a heron flies by


Danièle Duteil |  France | pleine nuit\\l'araignée recroquevillée\\au coin de la marche


Israel Balan |  Mexico | alone again -\\one plane flies to south\\another to north


Israel Balan |  Mexico | seul à nouveau --\\un avion\\vole vers le sud\\un autre vers le nord


John Hawk |  USA | a dragonfly\\on a dragonfly\\summer heat


John Hawk |  USA | une libellule\\sur une libellule\\chaleur d'été


Marlène Alexa |  Egypte | brume matinale\\dans la tasse de café\\la buée de l’arome


Angelika Kolompar Renville |  Canada | First mandarin\\sweet and sour taste\\scent of Christmas


Angelika Kolompar Renville |  Canada | Première mandarine\\goût doux et amer\\odeur de Noël


Brian Austin Darnell |  USA | sultry day -\\the tumult of rain\\on my umbrella


Brian Austin Darnell |  USA | jour torride -\\le tumulte de la pluie\\sur mon parapluie


John McDonald |  Scotland (UK) | abuin the lums\\muin heizes forfochen lik\\...anither nicht-yokin


John McDonald |  Scotland (UK) | above the chimneys\\moon rises wearily\\...another night-shift


John McDonald |  Scotland (UK) | au-dessus des cheminées\\la lune se lève avec lassitude\\.... une autre pause de nuit


Carol Raisfeld |  USA | he kissed me\\on the fourth of july\\fireworks!!


Carol Raisfeld |  USA | il m'a embrassé\\le 4 juillet\\feux d'artifices !!


Mohamad Alsari |  Syria | Comme à la cérémonie du drapeau\\se rangent l'un près l'autre\\Les cercueils des enfants.


Isabel Asunsolo |  France | journée des retraites -\\une mite s'emmêle\\dans mes cheveux


Daniel Py |  France | le vent du métro\\arrive à soulever une page -\\haïkaï


Christiane Ranieri |  France | chasse aux œufs —\\le regard furtif\\de la tortue


Robert Van Muylder |  Belgique | ciel de neige -\\acheter une carotte\\pour le bonhomme


Bill Bilquin |  Belgique | soleil d'automne\\les pas de mon père\\plus lents


Dominique Champollion |  France | Saint Valentin\\nos baisers ont un parfum\\de Saint Estèphe


Robert Van Muylder |  Belgique | Réparation\\Ramené de Versailles\\Clou dans la semelle


Robert Van Muylder |  Belgique | Restauration\\brought back from Versailles\\Nail in soles


Angelika Kolompar Renville |  Canada | Red as the poppy\\maple leaves fall\\on the memorial


Angelika Kolompar Renville |  Canada |    Rouge comme un coquelicot\\   les feuilles d'érable tombent\\   sur le mémorial


Angelika Kolompar Renville |  Canada | after the party\\a lone woman drinks\\a birthday gift


Angelika Kolompar Renville |  Canada | après la fête\\une femme seule boit\\son cadeau d'anniversaire


Israel Balan |  Mexico | traffic jam -\\Moon passes through\\the Earth's shadow


Israel Balan |  Mexico | embouteillage -\\le lune passe au travers\\de l'ombre de la Terre


Marlène Alexa |  Egypte | bruit de pas\\la lune dans une flaque\\sur le trottoir


Paul David Mena |  USA | tent revival\\the preacher's wife\\in a miracle bra


Paul David Mena |  USA | résurrection sous la tente\\la femme du prêcheur\\en Wonderbra


Danièle Duteil |  France | sortie des mariés \\les pétales de rose \\déjà fânés


Eléonore Nickolay |  France | faucille de lune rouge\\sa robe de mariée \\plus blanche encore —


Vincent Hoarau |  France | il travaille au jardin\\les poignets libres\\sans rolex


Lucia Supova |  Luxembourg | mandala\\coup d'oeil du moine\\vers sa montre


Louis Nagara |  France | mon lit froid\\ma peau cherche la sienne\\premiers flocons


Gérard Dumon |  France | cour d'hôpital\\l'amputation bruyante\\des tilleuls


Sarra Masmoudi |  Tunisie | marché de campagne~\\le vent dans les fleurs\\de sa robe


Serge Tomé |  Belgique | chute des cours\\les premières feuilles jaunies \\de l'arbre


Damien Gabriels |  France | nuit de pleine lune -\\un moustique sur l'écran\\de l'ordinateur


Vincent Hoarau |  France | Roman d'été -\\La dernière page du livre\\Lue plus lentement


Gérard Maréchal |  France | Vent violent -\\au coeur de l'hiver le goût\\des patates douces


Michel Martin |  France | la nuit qui fraîchit\\le buste de l'astronome\\manteau sur le dos


Louve Mathieu |  Canada | un homme droit, travaille\\la fenêtre ouverte\\complètement à gauche


Virginie Colpart |  France | le brûlé réclame\\sa dose de morphine\\gelée matinale


Angelika Kolompar Renville |  Canada | Dark spring morning\\busy conversation of birds\\awakens interest


Angelika Kolompar Renville |  Canada | Sombre matin de printemps\\la conversation occupée des oiseaux\\éveille l'intérêt


Sarra Masmoudi |  Tunisie | premiers froids~\\dans chaque graine de bourghoul*\\le goût de braise


Catherine Baker |  England | scattered in the ditch \\like tiny scraps of blue sky\\bits of plastic bag


Catherine Baker |  England | éparpillé dans le fossé \\comme de minuscules morceaux de ciel bleu \\bouts de sac en plastique


John Wisdom |  USA | shouldering coals\\the rattle of blue crabs\\in a metal bucket


William Sorlien |  USA | long ago\\I threw your letters away\\footprints in snow


William Sorlien |  USA | il y a longtemps\\je jetais tes lettres\\empreintes dans la neige


Patrick Somprou |  France | Anniversaire -\\davantage de rouille\\sur le portail


Michel Duflo |  France | maison froide –\\encore un peu de nuit\\dans la cafetière


Paul David Mena |  USA | tempest in a teapot --\\my mother\\serves me decaf


Paul David Mena |  USA | temête dans une théière --\\ma mère\\me sert un déca


Philippe Quinta |  France | dimanche d'hiver -\\tous mes cheveux\\jetés aux flammes


Angelika Kolompar Renville |  Canada | Summer solstice\\the smoke of bonfires\\hill after hill


Angelika Kolompar Renville |  Canada | Solstice d'été\\la fumée des grand-feux\\colline après colline


Bruno Robert |  France | pluie battante\\deux talons aiguilles\\battent le pavé


Paul David Mena |  USA | distant thunder --\\a shower of pollen\\falls from the trees


Paul David Mena |  USA | tonnerre lointain --\\une averse de pollen\\tombe des arbres


Marlène Alexa |  Egypte | les phares traînent\\le brouillard\\en cornets


Francine Aubry |  France | soirée de brume-\\une note solitaire\\s'échappe d'un saxo


Michel Martin |  France | marbres éblouissants\\grincements des robinets\\temps de la Toussaint


Paul David Mena |  USA | mixed precipitation --\\she tells me I look good\\for my age


Paul David Mena |  USA | pluie et neige --\\elle me dit que je parais bien\\pour mon âge


Sarra Masmoudi |  Tunisie | matin de l'Aïd~\\figé au sol un moustique\\gonflé de sang


Jacques Quach |  France | retour de campagne\\une odeur d’autrefois\\sur le pyjama


Angelika Kolompar Renville |  Canada | grey sea and sky\\she dreams of\\blue irises


Angelika Kolompar Renville |  Canada | mer et ciel gris\\elle rêve\\d'iris bleus


Huguette Ducharme |  Canada | maple tree\\the scars\\of its healings


Huguette Ducharme |  Canada | l'érable\\les cicatrices\\de ses guérisons


Daniel Py |  France | dans la cathédrale\\agenouillée\\la photographe


Daniel Py |  France | in the cathedral\\kneeling\\photographer


Paul David Mena |  USA | Thanksgiving rain --\\the dog\\no one wanted


Paul David Mena |  USA | Thanksgiving pluvieux --\\le chien\\que personne n'a voulu


Lydia Padellec |  France | Orange sanguine\\à mon petit déjeuner\\le soleil se lève


Bill Bilquin |  Belgique | for just a moment\\the warmth of our tears\\cold rain


Bill Bilquin |  Belgique | pendant un instant\\la tiédeur de nos larmes\\pluie froide


Damien Gabriels |  France | pylône du virage -\\les couleurs passées du bouquet\\de fleurs artificielles


Philippe Quinta |  France | Deux fillettes\\Chacune sa portion\\d'étoiles


Angelika Kolompar Renville |  Canada | Dancing in the yard\\rows of tidy daffodils\\oh so very yellow


Angelika Kolompar Renville |  Canada | Dansant dans la cour\\des lignes de jonquilles bien rangées\\l'opération a réussi


Damien Gabriels |  France | averse nocturne -\\une planche de bois neuve\\au banc de l'écluse


Gaetan Lecoq |  France | Trois degrés ce soir\\je resserre mon écharpe\\tu ne viendras plus


 sprite |  England | green rimmed eye -\\a glimmer of youth buried\\in the fading iris


 sprite |  England | oeil cerclé de vert -\\une lueur de jeunesse enterrée\\dans l'iris fanée


Gérard Dumon |  France | soirée d'automne\\la machine à coudre\\berce la maison


Micheline Beaudry |  Canada | changing winds\\bring up your kite\\and the Dow


Micheline Beaudry |  Canada |    les vents changeants\\   font monter son cerf-volant\\   et le Dow


Angelika Kolompar Renville |  Canada | Over the bay\\August full moon rises\\as days shorten


Angelika Kolompar Renville |  Canada |    Sur la baie\\   la pleine lune d'Août monte\\   comme les jours raccourcissent


William Sorlien |  USA | rose petals\\fallen on bare earth\\evening rain


William Sorlien |  USA | pétales de rose\\tombé sur le sol nu\\pluie du soir


Isabel Asunsolo |  France | pleine lune sans nuages\\cinq doigts tambourinent\\sur-une-chute-de-reins


Lucia Supova |  Luxembourg | silence\\une mouche sèche s'éparpille\\sur le linoleum


Damien Gabriels |  France | salle de classe -\\l'âne de la crèche\\regarde par la fenêtre


Vincent Hoarau |  France | 14 juillet -\\L'interminable défilé\\Des fourmis


Damien Gabriels |  France | petit matin clair -\\un haïku de Bashô\\avant le départ


John McDonald |  Scotland (UK) | tentie o the bygaun burn\\a hauflin\\taen tent o bi a bodach


John McDonald |  Scotland (UK) | watching the passing stream\\a youth\\watched by an old man


John McDonald |  Scotland (UK) | (regardant le torrent couler\\des jeunes\\observés par un vieil homme)


Mark Holloway |  UK | new moon i hear about it first via twitter


Mark Holloway |  UK | nouvelle lune j'en entends d'abord parler via twitter


Vincent Hoarau |  France | mes lèvres \\ont troublé la femme nue \\du saké


 Bikko |  France | nuée en approche\\sur mon café du midi\\pas une ride


Gérard Dumon |  France | Toulouse\\le printemps pose un parterre\\d'uniformes bleus


Philippe Quinta |  France | Ivresse/le regard sombre de Kérouac/me fixe


Paul David Mena |  USA | afghan invasion --\\the dog\\on my side of the bed


Paul David Mena |  USA | invasion afghane --\\le chien\\de mon côté du lit


Delphine Eissen |  France | lessive des survêt’\\la sueur de 2017\\n’ira pas plus loin


Mohamad Alsari |  Syria | Le village abandonné\\la rosée du matin\\sur les fleurs du cimetière


Paul David Mena |  USA | the blank page\\learning nothing\\from the pine


Paul David Mena |  USA | la page blanche\\n'apprendre rien\\du pin


Isabel Asunsolo |  France | dans le velux\\jambes enchevêtrées\\et neige


Isabel Asunsolo |  France |    en el velux\\   piernas engarzadas\\   y nieve


Sarra Masmoudi |  Tunisie | matin brumeux~\\l'odeur d'encens remonte\\les escaliers


Marcel Peltier |  Belgique | nuit américaine\\... les techniciens\\se bousculent


Paul David Mena |  USA | Patriot's Day --\\a homeless veteran's\\weathered sign


Paul David Mena |  USA | Patriot's Day --\\l'affiche délavée\\d'un vétéran sans-abri


Angelika Kolompar Renville |  Canada | Soft rain\\her thoughts of lost love\\intrude into her day


Angelika Kolompar Renville |  Canada | Pluie douce\\ses souvenirs d'un amour perdu\\s'immiscent dans sa journée


Damien Gabriels |  France | reprenant la course\\après deux mois de pause\\- la même pluie


Mark Holloway |  UK | two swans\\the progress\\of twilight\\along the river


Mark Holloway |  UK | deux cygnes\\l'avancée\\du crépuscule\\sur la rivière


Patrick Fetu |  France | ce matin d'automne\\dans le miroir\\mon père


Patrick Fetu |  France | this autumn morning\\in the mirror\\my father


Ghayda Al-haj Hussen |  Syrie | étang boueux\\sur leurs bateaux en papier\\les enfants des tentes voyagent


Louve Mathieu |  Canada | notes d'eau broutées\\par les troupeaux de terre\\sortis de l'hiver


Bekkai Guttbach |  Maroc | Après le bombardement\\Un morceau de charbon se suffit\\Pour dessiner la ville


Josette Pellet |  Suisse | au ralenti\\sur la route sous la haie -\\le renard à Noël


Julie Warther |  USA | snow cover . . .\\the remaining panels\\of a greenhouse


Julie Warther |  USA | couverture de neige ...\\les panneaux restants\\de la serre


Rositsa Yakimova |  Bulgaria | Week-end à la campagne.\\Du trèfle que sous l'auto -\\première neige.


Damien Gabriels |  France | nuit sans lune -\\un chien lointain répond\\à son écho


David Serjeant |  UK | school fair\\on the fireman's helmet\\a faint smell of smoke


David Serjeant |  UK | fête d'école\\sur le casque du pompier\\une légère odeur de fumée


Christophe Marand |  France | chemises à repasser\\montagne de coton, soupir\\bruit de vapeur


 Auteur inconnu |   | Chemins de traverse\\à la fenêtre abandonnée\\pousse une violette


André Cayrel |  France | iceberg\\un bout de son sein blanc\\émerge


Henri Chevignard |  France | Emménagement\\Un salon bien ordonné\\Dans le camion


Carol Raisfeld |  USA | house renovation -\\the magic mushrooms\\he hid 25 years ago


Carol Raisfeld |  USA | rénovation de la maison -\\les champignons magiques\\qu'il a cachés il y a 20 ans


Damien Gabriels |  France | soirée glaciale ~\\une ombre assise\\dans le lavoir  automatique


Julie Warther |  USA | forest bathing . . .\\the scent of her\\wildflower shampoo


Julie Warther |  USA | immersion en forêt . . . \\l'odeur de son\\shampoing aux fleurs sauvages


Damien Gabriels |  France | route quotidienne -\\de la grisaille d'octobre\\le sumac se moque


Radwan Ahesaten |  Maroc | Sur une colonne en bois\\le vendeur des ballons\\hisse ses souffles


Marcel Peltier |  Belgique | Bruxelles-Munich -\\course de mouches\\sur l'écran du PC


Denise Dudon |  France | entre les branches vides\\du cerisier mort\\le quartier de lune s'est niché


Mohamad Alsari |  Syria | Avec le mur détruit\\les mots aussi\\Se brisent


Eléonore Nickolay |  France | pluie d'hiver -\\la grimace du bonhomme\\de neige


Paul David Mena |  USA | end of the weekend --\\I finished that beer\\too quickly


Paul David Mena |  USA | fin du week-end --\\j'ai fini cette bière\\trop rapidement


Israel Balan |  Mexico | spring sun -\\the yellow house\\just painted


Israel Balan |  Mexico | soleil de printemps -\\la maison jaune\\juste repeinte


Michel Duflo |  France | fleur de printemps –\\la rose tatouée au bras\\de la serveuse


 sprite |  England | oh moon, moon\\above so much powdery snow\\father is still ill


 sprite |  England | oh lune, lune\\au-dessus de tant de neige poudreuse\\père est toujours malade


Michel Duflo |  France | travaux d’été –\\mes empreintes de pas\\dans le goudron chaud


William Sorlien |  USA | eye to eye\\with a flight of geese --\\lingering heat


Julie Warther |  USA | book group . . .\\the cat chooses\\my lap


Julie Warther |  USA | groupe de lecture . . . \\le chat choisit\\mes genoux


Sarra Masmoudi |  Tunisie | écossant des fèves\\la tortue surgit\\de je ne sais où


Yves Brillon |  Canada | la pleine lune\\au-dessus du gratte-ciel -\\il est minuit


Marie-Alice Maire |  France | au couchant d'automne\\sa chevelure si rousse?\\plus qu'un souvenir


Iocasta Huppen |  Belgique | Fenêtre ouverte\\je respire un reste de pluie -\\le rosier est plus rouge


Carol Raisfeld |  USA | late night date\\sand in her bra\\all day long


